-- MySQL dump 10.13  Distrib 5.7.28, for Linux (x86_64)
--
-- Host: db    Database: my_andreamatera
-- ------------------------------------------------------
-- Server version	5.7.24

/*!40101 SET @OLD_CHARACTER_SET_CLIENT=@@CHARACTER_SET_CLIENT */;
/*!40101 SET @OLD_CHARACTER_SET_RESULTS=@@CHARACTER_SET_RESULTS */;
/*!40101 SET @OLD_COLLATION_CONNECTION=@@COLLATION_CONNECTION */;
/*!40101 SET NAMES utf8 */;
/*!40103 SET @OLD_TIME_ZONE=@@TIME_ZONE */;
/*!40103 SET TIME_ZONE='+00:00' */;
/*!40014 SET @OLD_UNIQUE_CHECKS=@@UNIQUE_CHECKS, UNIQUE_CHECKS=0 */;
/*!40014 SET @OLD_FOREIGN_KEY_CHECKS=@@FOREIGN_KEY_CHECKS, FOREIGN_KEY_CHECKS=0 */;
/*!40101 SET @OLD_SQL_MODE=@@SQL_MODE, SQL_MODE='NO_AUTO_VALUE_ON_ZERO' */;
/*!40111 SET @OLD_SQL_NOTES=@@SQL_NOTES, SQL_NOTES=0 */;

--
-- Table structure for table `syb_alarms_history`
--

DROP TABLE IF EXISTS `syb_alarms_history`;
/*!40101 SET @saved_cs_client     = @@character_set_client */;
/*!40101 SET character_set_client = utf8 */;
CREATE TABLE `syb_alarms_history` (
  `id` int(11) NOT NULL AUTO_INCREMENT,
  `timestamp` timestamp NOT NULL DEFAULT CURRENT_TIMESTAMP,
  `data` text,
  `value` text,
  UNIQUE KEY `syb_alarms_id_uindex` (`id`)
) ENGINE=InnoDB AUTO_INCREMENT=4650 DEFAULT CHARSET=latin1;
/*!40101 SET character_set_client = @saved_cs_client */;

--
-- Dumping data for table `syb_alarms_history`
--

LOCK TABLES `syb_alarms_history` WRITE;
/*!40000 ALTER TABLE `syb_alarms_history` DISABLE KEYS */;
INSERT INTO `syb_alarms_history` VALUES (3666,'2020-02-21 18:48:13','corriere_primaPosClassifica_title','Quali sono i sintomi del Coronavirus, come si trasmette e come ci si pu&ograve; proteggere'),(3667,'2020-02-21 18:48:14','corriere_primaPosClassifica_totView','1668889'),(3668,'2020-02-21 18:48:15','total_population','7729620165'),(3669,'2020-02-21 18:48:15','current_time','2020-02-21T19:48:15.887594+01:00'),(3670,'2020-02-21 18:48:16','coronaVirus_Total_confirmed','76787'),(3671,'2020-02-21 18:48:18','cicciolina_altezza','168 cm'),(3672,'2020-02-21 18:48:19','classifica_dischi_italiani','IL FANTADISCO DEI ME CONTRO TE'),(3673,'2020-02-21 18:48:19','gold_price','48.77349113588484744573635575'),(3674,'2020-02-21 18:48:20','ansa_news','Crimi: sparate Renzi fanno male al Paese'),(3675,'2020-02-21 18:48:41','corriere_primaPosClassifica_title','Quali sono i sintomi del Coronavirus, come si trasmette e come ci si pu&ograve; proteggere'),(3676,'2020-02-21 18:48:41','corriere_primaPosClassifica_totView','1668889'),(3677,'2020-02-21 18:48:42','total_population','7729620165'),(3678,'2020-02-21 18:48:42','current_time','2020-02-21T19:48:42.625272+01:00'),(3679,'2020-02-21 18:48:42','coronaVirus_Total_confirmed','76787'),(3680,'2020-02-21 18:48:43','cicciolina_altezza','168 cm'),(3681,'2020-02-21 18:48:43','classifica_dischi_italiani','IL FANTADISCO DEI ME CONTRO TE'),(3682,'2020-02-21 18:48:44','gold_price','48.77349113588484744573635575'),(3683,'2020-02-21 18:48:44','ansa_news','Crimi: sparate Renzi fanno male al Paese'),(3684,'2020-02-21 18:49:07','corriere_primaPosClassifica_title','Quali sono i sintomi del Coronavirus, come si trasmette e come ci si pu&ograve; proteggere'),(3685,'2020-02-21 18:49:07','corriere_primaPosClassifica_totView','1668889'),(3686,'2020-02-21 18:49:08','total_population','7729620165'),(3687,'2020-02-21 18:49:08','current_time','2020-02-21T19:49:08.859198+01:00'),(3688,'2020-02-21 18:49:09','coronaVirus_Total_confirmed','76787'),(3689,'2020-02-21 18:49:09','cicciolina_altezza','168 cm'),(3690,'2020-02-21 18:49:09','classifica_dischi_italiani','IL FANTADISCO DEI ME CONTRO TE'),(3691,'2020-02-21 18:49:10','gold_price','48.77349113588484744573635575'),(3692,'2020-02-21 18:49:11','ansa_news','Crimi: sparate Renzi fanno male al Paese'),(3693,'2020-02-21 18:49:16','corriere_primaPosClassifica_title','Quali sono i sintomi del Coronavirus, come si trasmette e come ci si pu&ograve; proteggere'),(3694,'2020-02-21 18:49:17','corriere_primaPosClassifica_totView','1668889'),(3695,'2020-02-21 18:49:18','total_population','7729620165'),(3696,'2020-02-21 18:49:18','current_time','2020-02-21T19:49:18.157670+01:00'),(3697,'2020-02-21 18:49:18','coronaVirus_Total_confirmed','76787'),(3698,'2020-02-21 18:49:18','cicciolina_altezza','168 cm'),(3699,'2020-02-21 18:49:19','classifica_dischi_italiani','IL FANTADISCO DEI ME CONTRO TE'),(3700,'2020-02-21 18:49:19','gold_price','48.77349113588484744573635575'),(3701,'2020-02-21 18:49:20','ansa_news','Crimi: sparate Renzi fanno male al Paese'),(3702,'2020-02-21 18:50:06','corriere_primaPosClassifica_title','Quali sono i sintomi del Coronavirus, come si trasmette e come ci si pu&ograve; proteggere'),(3703,'2020-02-21 18:50:07','corriere_primaPosClassifica_totView','1668889'),(3704,'2020-02-21 18:50:08','total_population','7729620165'),(3705,'2020-02-21 18:50:08','current_time','2020-02-21T19:50:08.476240+01:00'),(3706,'2020-02-21 18:50:08','coronaVirus_Total_confirmed','76787'),(3707,'2020-02-21 18:50:09','cicciolina_altezza','168 cm'),(3708,'2020-02-21 18:50:09','classifica_dischi_italiani','IL FANTADISCO DEI ME CONTRO TE'),(3709,'2020-02-21 18:50:10','gold_price','48.79273818031815658627591112'),(3710,'2020-02-21 18:50:10','ansa_news','Bilancio Ue: Michel, nessun accordo'),(3711,'2020-02-21 19:33:33','corriere_primaPosClassifica_title','Quali sono i sintomi del Coronavirus, come si trasmette e come ci si pu&ograve; proteggere'),(3712,'2020-02-21 19:33:34','corriere_primaPosClassifica_totView','1836326'),(3713,'2020-02-21 19:33:35','total_population','7729620165'),(3714,'2020-02-21 19:33:35','current_time','2020-02-21T20:33:35.590935+01:00'),(3715,'2020-02-21 19:33:36','coronaVirus_Total_confirmed','76798'),(3716,'2020-02-21 19:33:36','cicciolina_altezza','168 cm'),(3717,'2020-02-21 19:33:37','classifica_dischi_italiani','IL FANTADISCO DEI ME CONTRO TE'),(3718,'2020-02-21 19:33:38','gold_price','48.68042211924038022656039533'),(3719,'2020-02-21 19:33:38','ansa_news','Bilancio Ue: Michel, nessun accordo'),(3720,'2020-02-21 19:39:08','corriere_primaPosClassifica_title','Quali sono i sintomi del Coronavirus, come si trasmette e come ci si pu&ograve; proteggere'),(3721,'2020-02-21 19:39:08','corriere_primaPosClassifica_totView','1836326'),(3722,'2020-02-21 19:39:09','total_population','7729620165'),(3723,'2020-02-21 19:39:10','current_time','2020-02-21T20:39:09.970035+01:00'),(3724,'2020-02-21 19:39:10','coronaVirus_Total_confirmed','76798'),(3725,'2020-02-21 19:39:11','cicciolina_altezza','168 cm'),(3726,'2020-02-21 19:39:12','classifica_dischi_italiani','IL FANTADISCO DEI ME CONTRO TE'),(3727,'2020-02-21 19:39:12','gold_price','48.72199166814688703868629889'),(3728,'2020-02-21 19:39:13','ansa_news','Bilancio Ue: Michel, nessun accordo'),(3729,'2020-02-21 19:39:16','corriere_primaPosClassifica_title','Quali sono i sintomi del Coronavirus, come si trasmette e come ci si pu&ograve; proteggere'),(3730,'2020-02-21 19:39:16','corriere_primaPosClassifica_totView','1836326'),(3731,'2020-02-21 19:39:17','total_population','7729620165'),(3732,'2020-02-21 19:39:17','current_time','2020-02-21T20:39:17.300411+01:00'),(3733,'2020-02-21 19:39:17','coronaVirus_Total_confirmed','76798'),(3734,'2020-02-21 19:39:18','cicciolina_altezza','168 cm'),(3735,'2020-02-21 19:39:18','classifica_dischi_italiani','IL FANTADISCO DEI ME CONTRO TE'),(3736,'2020-02-21 19:39:19','gold_price','48.72199166814688703868629889'),(3737,'2020-02-21 19:39:19','ansa_news','Cc Firenze: Costa,condanna 5 anni 6 mesi'),(3738,'2020-02-21 19:39:32','corriere_primaPosClassifica_title','Quali sono i sintomi del Coronavirus, come si trasmette e come ci si pu&ograve; proteggere'),(3739,'2020-02-21 19:39:32','corriere_primaPosClassifica_totView','1836326'),(3740,'2020-02-21 19:39:33','total_population','7729620165'),(3741,'2020-02-21 19:39:33','current_time','2020-02-21T20:39:33.330407+01:00'),(3742,'2020-02-21 19:39:33','coronaVirus_Total_confirmed','76798'),(3743,'2020-02-21 19:39:34','cicciolina_altezza','168 cm'),(3744,'2020-02-21 19:39:35','classifica_dischi_italiani','IL FANTADISCO DEI ME CONTRO TE'),(3745,'2020-02-21 19:39:35','gold_price','48.72199166814688703868629889'),(3746,'2020-02-21 19:39:36','ansa_news','Cc Firenze: Costa,condanna 5 anni 6 mesi'),(3747,'2020-02-21 19:56:24','corriere_primaPosClassifica_title','Quali sono i sintomi del Coronavirus, come si trasmette e come ci si pu&ograve; proteggere'),(3748,'2020-02-21 19:56:24','corriere_primaPosClassifica_title','Quali sono i sintomi del Coronavirus, come si trasmette e come ci si pu&ograve; proteggere'),(3749,'2020-02-21 19:56:24','corriere_primaPosClassifica_totView','1836326'),(3750,'2020-02-21 19:56:24','corriere_primaPosClassifica_totView','1836326'),(3751,'2020-02-21 19:56:25','total_population','7729620165'),(3752,'2020-02-21 19:56:26','total_population','7729620165'),(3753,'2020-02-21 19:56:26','current_time','2020-02-21T20:56:26.070844+01:00'),(3754,'2020-02-21 19:56:26','current_time','2020-02-21T20:56:26.144446+01:00'),(3755,'2020-02-21 19:56:26','coronaVirus_Total_confirmed','76798'),(3756,'2020-02-21 19:56:26','coronaVirus_Total_confirmed','76798'),(3757,'2020-02-21 19:56:27','cicciolina_altezza','168 cm'),(3758,'2020-02-21 19:56:27','cicciolina_altezza','168 cm'),(3759,'2020-02-21 19:56:27','classifica_dischi_italiani','IL FANTADISCO DEI ME CONTRO TE'),(3760,'2020-02-21 19:56:27','classifica_dischi_italiani','IL FANTADISCO DEI ME CONTRO TE'),(3761,'2020-02-21 19:56:28','gold_price','48.66181133808166423375537233'),(3762,'2020-02-21 19:56:28','gold_price','48.66181133808166423375537233'),(3763,'2020-02-21 19:56:28','ansa_news','Cc Firenze: Costa,condanna 5 anni 6 mesi'),(3764,'2020-02-21 19:56:28','ansa_news','Cc Firenze: Costa,condanna 5 anni 6 mesi'),(3765,'2020-02-21 20:21:11','corriere_primaPosClassifica_title','Quali sono i sintomi del Coronavirus, come si trasmette e come ci si pu&ograve; proteggere'),(3766,'2020-02-21 20:21:12','corriere_primaPosClassifica_totView','1933186'),(3767,'2020-02-21 20:21:13','total_population','7729620165'),(3768,'2020-02-21 20:21:14','current_time','2020-02-21T21:21:14.125462+01:00'),(3769,'2020-02-21 20:21:14','coronaVirus_Total_confirmed','76798'),(3770,'2020-02-21 20:21:15','cicciolina_altezza','168 cm'),(3771,'2020-02-21 20:21:15','classifica_dischi_italiani','IL FANTADISCO DEI ME CONTRO TE'),(3772,'2020-02-21 20:21:16','gold_price','48.72230361076546915166731457'),(3773,'2020-02-21 20:21:16','ansa_news','Cc Firenze: Costa,condanna 5 anni 6 mesi'),(3774,'2020-02-21 20:22:39','corriere_primaPosClassifica_title','Quali sono i sintomi del Coronavirus, come si trasmette e come ci si pu&ograve; proteggere'),(3775,'2020-02-21 20:22:40','corriere_primaPosClassifica_totView','1933186'),(3776,'2020-02-21 20:22:42','total_population','7729620165'),(3777,'2020-02-21 20:22:42','current_time','2020-02-21T21:22:42.328004+01:00'),(3778,'2020-02-21 20:22:42','coronaVirus_Total_confirmed','76798'),(3779,'2020-02-21 20:22:43','cicciolina_altezza','168 cm'),(3780,'2020-02-21 20:22:43','classifica_dischi_italiani','IL FANTADISCO DEI ME CONTRO TE'),(3781,'2020-02-21 20:22:44','gold_price','48.75372485689445496331136846'),(3782,'2020-02-21 20:22:44','ansa_news','Cc Firenze: Costa,condanna 5 anni 6 mesi'),(3783,'2020-02-21 20:24:30','corriere_primaPosClassifica_title','Quali sono i sintomi del Coronavirus, come si trasmette e come ci si pu&ograve; proteggere'),(3784,'2020-02-21 20:24:30','corriere_primaPosClassifica_totView','1933186'),(3785,'2020-02-21 20:24:32','total_population','7729620165'),(3786,'2020-02-21 20:24:32','current_time','2020-02-21T21:24:32.134290+01:00'),(3787,'2020-02-21 20:24:32','coronaVirus_Total_confirmed','76798'),(3788,'2020-02-21 20:24:33','cicciolina_altezza','168 cm'),(3789,'2020-02-21 20:24:34','classifica_dischi_italiani','IL FANTADISCO DEI ME CONTRO TE'),(3790,'2020-02-21 20:24:34','gold_price','48.75002269842707745135424860'),(3791,'2020-02-21 20:24:35','ansa_news','Cc Firenze: Costa,condanna 5 anni 6 mesi'),(3792,'2020-02-21 20:46:18','corriere_primaPosClassifica_title','Quali sono i sintomi del Coronavirus, come si trasmette e come ci si pu&ograve; proteggere'),(3793,'2020-02-21 20:46:18','corriere_primaPosClassifica_title','Quali sono i sintomi del Coronavirus, come si trasmette e come ci si pu&ograve; proteggere'),(3794,'2020-02-21 20:46:18','corriere_primaPosClassifica_totView','1933186'),(3795,'2020-02-21 20:46:18','corriere_primaPosClassifica_totView','1933186'),(3796,'2020-02-21 20:46:19','total_population','7729620165'),(3797,'2020-02-21 20:46:20','current_time','2020-02-21T21:46:19.999135+01:00'),(3798,'2020-02-21 20:46:20','total_population','7729620165'),(3799,'2020-02-21 20:46:20','current_time','2020-02-21T21:46:20.171745+01:00'),(3800,'2020-02-21 20:46:20','coronaVirus_Total_confirmed','76798'),(3801,'2020-02-21 20:46:20','coronaVirus_Total_confirmed','76798'),(3802,'2020-02-21 20:46:21','cicciolina_altezza','168 cm'),(3803,'2020-02-21 20:46:21','cicciolina_altezza','168 cm'),(3804,'2020-02-21 20:46:21','classifica_dischi_italiani','IL FANTADISCO DEI ME CONTRO TE'),(3805,'2020-02-21 20:46:21','classifica_dischi_italiani','IL FANTADISCO DEI ME CONTRO TE'),(3806,'2020-02-21 20:46:22','gold_price','48.77119074996786211372999947'),(3807,'2020-02-21 20:46:22','gold_price','48.77119074996786211372999947'),(3808,'2020-02-21 20:46:22','ansa_news','Cc Firenze: Costa,condanna 5 anni 6 mesi'),(3809,'2020-02-21 20:46:22','ansa_news','Cc Firenze: Costa,condanna 5 anni 6 mesi'),(3810,'2020-02-21 21:02:42','corriere_primaPosClassifica_title','Quali sono i sintomi del Coronavirus, come si trasmette e come ci si pu&ograve; proteggere'),(3811,'2020-02-21 21:02:42','corriere_primaPosClassifica_totView','1968626'),(3812,'2020-02-21 21:02:44','total_population','7729620165'),(3813,'2020-02-21 21:02:44','current_time','2020-02-21T22:02:44.135378+01:00'),(3814,'2020-02-21 21:02:44','coronaVirus_Total_confirmed','76798'),(3815,'2020-02-21 21:02:45','cicciolina_altezza','168 cm'),(3816,'2020-02-21 21:02:45','classifica_dischi_italiani','IL FANTADISCO DEI ME CONTRO TE'),(3817,'2020-02-21 21:02:46','gold_price','48.68906440067176027086463852'),(3818,'2020-02-21 21:02:46','ansa_news','Cc Firenze: Costa,condanna 5 anni 6 mesi'),(3819,'2020-02-21 21:03:39','corriere_primaPosClassifica_title','Quali sono i sintomi del Coronavirus, come si trasmette e come ci si pu&ograve; proteggere'),(3820,'2020-02-21 21:03:40','corriere_primaPosClassifica_totView','1968626'),(3821,'2020-02-21 21:03:41','total_population','7729620165'),(3822,'2020-02-21 21:03:42','current_time','2020-02-21T22:03:41.936270+01:00'),(3823,'2020-02-21 21:03:42','coronaVirus_Total_confirmed','76798'),(3824,'2020-02-21 21:03:42','cicciolina_altezza','168 cm'),(3825,'2020-02-21 21:03:43','classifica_dischi_italiani','IL FANTADISCO DEI ME CONTRO TE'),(3826,'2020-02-21 21:03:44','gold_price','48.68906440067176027086463852'),(3827,'2020-02-21 21:03:44','ansa_news','Cc Firenze: Costa,condanna 5 anni 6 mesi'),(3828,'2020-02-21 21:04:07','corriere_primaPosClassifica_title','Quali sono i sintomi del Coronavirus, come si trasmette e come ci si pu&ograve; proteggere'),(3829,'2020-02-21 21:04:08','corriere_primaPosClassifica_totView','1968626'),(3830,'2020-02-21 21:04:10','total_population','7729620165'),(3831,'2020-02-21 21:04:10','current_time','2020-02-21T22:04:10.913443+01:00'),(3832,'2020-02-21 21:04:11','coronaVirus_Total_confirmed','76798'),(3833,'2020-02-21 21:04:11','cicciolina_altezza','168 cm'),(3834,'2020-02-21 21:04:12','classifica_dischi_italiani','IL FANTADISCO DEI ME CONTRO TE'),(3835,'2020-02-21 21:04:12','gold_price','48.67914155500455177409620007'),(3836,'2020-02-21 21:04:13','ansa_news','Cc Firenze: Costa,condanna 5 anni 6 mesi'),(3837,'2020-02-21 21:04:24','corriere_primaPosClassifica_title','Quali sono i sintomi del Coronavirus, come si trasmette e come ci si pu&ograve; proteggere'),(3838,'2020-02-21 21:04:25','corriere_primaPosClassifica_totView','1968626'),(3839,'2020-02-21 21:04:26','total_population','7729620165'),(3840,'2020-02-21 21:04:26','current_time','2020-02-21T22:04:26.395274+01:00'),(3841,'2020-02-21 21:04:26','coronaVirus_Total_confirmed','76798'),(3842,'2020-02-21 21:04:27','cicciolina_altezza','168 cm'),(3843,'2020-02-21 21:04:27','classifica_dischi_italiani','IL FANTADISCO DEI ME CONTRO TE'),(3844,'2020-02-21 21:04:28','gold_price','48.67914155500455177409620007'),(3845,'2020-02-21 21:04:28','ansa_news','Cc Firenze: Costa,condanna 5 anni 6 mesi'),(3846,'2020-02-21 21:05:20','corriere_primaPosClassifica_title','Quali sono i sintomi del Coronavirus, come si trasmette e come ci si pu&ograve; proteggere'),(3847,'2020-02-21 21:05:21','corriere_primaPosClassifica_totView','1968626'),(3848,'2020-02-21 21:05:22','total_population','7729620165'),(3849,'2020-02-21 21:05:22','current_time','2020-02-21T22:05:22.646480+01:00'),(3850,'2020-02-21 21:05:22','coronaVirus_Total_confirmed','76798'),(3851,'2020-02-21 21:05:23','cicciolina_altezza','168 cm'),(3852,'2020-02-21 21:05:23','classifica_dischi_italiani','IL FANTADISCO DEI ME CONTRO TE'),(3853,'2020-02-21 21:05:24','gold_price','48.67914155500455177409620007'),(3854,'2020-02-21 21:05:24','ansa_news','Cc Firenze: Costa,condanna 5 anni 6 mesi'),(3855,'2020-02-21 21:05:35','corriere_primaPosClassifica_title','Quali sono i sintomi del Coronavirus, come si trasmette e come ci si pu&ograve; proteggere'),(3856,'2020-02-21 21:05:35','corriere_primaPosClassifica_totView','1968626'),(3857,'2020-02-21 21:05:36','total_population','7729620165'),(3858,'2020-02-21 21:05:37','current_time','2020-02-21T22:05:37.067586+01:00'),(3859,'2020-02-21 21:05:37','coronaVirus_Total_confirmed','76798'),(3860,'2020-02-21 21:05:37','cicciolina_altezza','168 cm'),(3861,'2020-02-21 21:05:38','classifica_dischi_italiani','IL FANTADISCO DEI ME CONTRO TE'),(3862,'2020-02-21 21:05:38','gold_price','48.67914155500455177409620007'),(3863,'2020-02-21 21:05:39','ansa_news','Cc Firenze: Costa,condanna 5 anni 6 mesi'),(3864,'2020-02-21 21:05:54','corriere_primaPosClassifica_title','Quali sono i sintomi del Coronavirus, come si trasmette e come ci si pu&ograve; proteggere'),(3865,'2020-02-21 21:05:55','corriere_primaPosClassifica_totView','1968626'),(3866,'2020-02-21 21:05:56','total_population','7729620165'),(3867,'2020-02-21 21:05:56','current_time','2020-02-21T22:05:56.629537+01:00'),(3868,'2020-02-21 21:05:57','coronaVirus_Total_confirmed','76798'),(3869,'2020-02-21 21:05:57','cicciolina_altezza','168 cm'),(3870,'2020-02-21 21:05:58','classifica_dischi_italiani','IL FANTADISCO DEI ME CONTRO TE'),(3871,'2020-02-21 21:05:59','gold_price','48.67914155500455177409620007'),(3872,'2020-02-21 21:05:59','ansa_news','Cc Firenze: Costa,condanna 5 anni 6 mesi'),(3873,'2020-02-21 21:06:08','corriere_primaPosClassifica_title','Quali sono i sintomi del Coronavirus, come si trasmette e come ci si pu&ograve; proteggere'),(3874,'2020-02-21 21:06:09','corriere_primaPosClassifica_totView','1968626'),(3875,'2020-02-21 21:06:10','total_population','7729620165'),(3876,'2020-02-21 21:06:11','current_time','2020-02-21T22:06:10.966182+01:00'),(3877,'2020-02-21 21:06:11','coronaVirus_Total_confirmed','76798'),(3878,'2020-02-21 21:06:11','cicciolina_altezza','168 cm'),(3879,'2020-02-21 21:06:12','classifica_dischi_italiani','IL FANTADISCO DEI ME CONTRO TE'),(3880,'2020-02-21 21:06:13','gold_price','48.69499106929422115279408249'),(3881,'2020-02-21 21:06:13','ansa_news','Cc Firenze: Costa,condanna 5 anni 6 mesi'),(3882,'2020-02-21 21:12:48','corriere_primaPosClassifica_title','Quali sono i sintomi del Coronavirus, come si trasmette e come ci si pu&ograve; proteggere'),(3883,'2020-02-21 21:12:49','corriere_primaPosClassifica_totView','1968626'),(3884,'2020-02-21 21:12:50','total_population','7729620165'),(3885,'2020-02-21 21:12:51','current_time','2020-02-21T22:12:51.017660+01:00'),(3886,'2020-02-21 21:12:51','coronaVirus_Total_confirmed','76798'),(3887,'2020-02-21 21:12:52','cicciolina_altezza','168 cm'),(3888,'2020-02-21 21:12:52','classifica_dischi_italiani','IL FANTADISCO DEI ME CONTRO TE'),(3889,'2020-02-21 21:12:53','gold_price','48.68886876337889016960316153'),(3890,'2020-02-21 21:12:53','ansa_news','Cc Firenze: Costa,condanna 5 anni 6 mesi'),(3891,'2020-02-21 21:18:29','corriere_primaPosClassifica_title','Quali sono i sintomi del Coronavirus, come si trasmette e come ci si pu&ograve; proteggere'),(3892,'2020-02-21 21:18:29','corriere_primaPosClassifica_totView','1968626'),(3893,'2020-02-21 21:18:31','total_population','7729620165'),(3894,'2020-02-21 21:18:35','current_time','2020-02-21T22:18:34.913416+01:00'),(3895,'2020-02-21 21:18:36','coronaVirus_Total_confirmed','76798'),(3896,'2020-02-21 21:18:36','cicciolina_altezza','168 cm'),(3897,'2020-02-21 21:18:37','classifica_dischi_italiani','IL FANTADISCO DEI ME CONTRO TE'),(3898,'2020-02-21 21:18:37','gold_price','48.70388107222791247568824846'),(3899,'2020-02-21 21:18:38','ansa_news','Cc Firenze: Costa,condanna 5 anni 6 mesi'),(3900,'2020-02-21 21:21:48','gold_price','48.70832607369475813713533144'),(3901,'2020-02-21 21:23:23','gold_price','48.71805617563628770916053989'),(3902,'2020-02-21 21:23:28','gold_price','48.71805617563628770916053989'),(3903,'2020-02-21 21:30:42','corriere_primaPosClassifica_title','Quali sono i sintomi del Coronavirus, come si trasmette e come ci si pu&ograve; proteggere'),(3904,'2020-02-21 21:30:42','corriere_primaPosClassifica_totView','1968626'),(3905,'2020-02-21 21:30:43','total_population','7729620165'),(3906,'2020-02-21 21:30:44','current_time','2020-02-21T22:30:43.918903+01:00'),(3907,'2020-02-21 21:30:44','coronaVirus_Total_confirmed','76798'),(3908,'2020-02-21 21:30:44','cicciolina_altezza','168 cm'),(3909,'2020-02-21 21:30:45','classifica_dischi_italiani','IL FANTADISCO DEI ME CONTRO TE'),(3910,'2020-02-21 21:30:46','gold_price','48.70091773791668203472352647'),(3911,'2020-02-21 21:30:46','ansa_news','Cc Firenze: Costa,condanna 5 anni 6 mesi'),(3912,'2020-02-21 21:32:32','corriere_primaPosClassifica_title','Quali sono i sintomi del Coronavirus, come si trasmette e come ci si pu&ograve; proteggere'),(3913,'2020-02-21 21:32:32','corriere_primaPosClassifica_totView','1968626'),(3914,'2020-02-21 21:32:34','total_population','7729620165'),(3915,'2020-02-21 21:32:34','current_time','2020-02-21T22:32:34.382842+01:00'),(3916,'2020-02-21 21:32:34','coronaVirus_Total_confirmed','76798'),(3917,'2020-02-21 21:32:35','cicciolina_altezza','168 cm'),(3918,'2020-02-21 21:32:35','classifica_dischi_italiani','IL FANTADISCO DEI ME CONTRO TE'),(3919,'2020-02-21 21:32:36','gold_price','48.69795440360545159375880448'),(3920,'2020-02-21 21:32:36','ansa_news','Cc Firenze: Costa,condanna 5 anni 6 mesi'),(3921,'2020-02-21 21:32:54','gold_price','48.69795440360545159375880448'),(3922,'2020-02-21 21:33:18','gold_price','48.69795440360545159375880448'),(3923,'2020-02-21 21:36:30','gold_price','48.69415241706997849192216351'),(3924,'2020-02-21 21:43:41','gold_price','48.71064703608954739104922187'),(3925,'2020-02-21 21:44:52','gold_price','48.70684440653914291665297045'),(3926,'2020-02-21 21:44:52','gold_price','48.70684440653914291665297045'),(3927,'2020-02-21 21:44:53','gold_price','48.70684440653914291665297045'),(3928,'2020-02-21 21:44:53','gold_price','48.70684440653914291665297045'),(3929,'2020-02-21 21:44:54','gold_price','48.70684440653914291665297045'),(3930,'2020-02-21 21:44:55','gold_price','48.70684440653914291665297045'),(3931,'2020-02-21 21:44:55','gold_price','48.70684440653914291665297045'),(3932,'2020-02-21 21:44:55','gold_price','48.70684440653914291665297045'),(3933,'2020-02-21 21:44:56','gold_price','48.70684440653914291665297045'),(3934,'2020-02-21 21:44:56','gold_price','48.70684440653914291665297045'),(3935,'2020-02-21 21:44:56','gold_price','48.70684440653914291665297045'),(3936,'2020-02-21 21:44:56','gold_price','48.70684440653914291665297045'),(3937,'2020-02-21 21:44:56','gold_price','48.70684440653914291665297045'),(3938,'2020-02-21 21:44:56','gold_price','48.70684440653914291665297045'),(3939,'2020-02-21 21:44:57','gold_price','48.70684440653914291665297045'),(3940,'2020-02-21 21:44:57','gold_price','48.70684440653914291665297045'),(3941,'2020-02-21 21:44:57','gold_price','48.70684440653914291665297045'),(3942,'2020-02-21 21:45:16','corriere_primaPosClassifica_title','Quali sono i sintomi del Coronavirus, come si trasmette e come ci si pu&ograve; proteggere'),(3943,'2020-02-21 21:45:16','corriere_primaPosClassifica_totView','1968626'),(3944,'2020-02-21 21:45:17','corriere_primaPosClassifica_title','Quali sono i sintomi del Coronavirus, come si trasmette e come ci si pu&ograve; proteggere'),(3945,'2020-02-21 21:45:17','corriere_primaPosClassifica_totView','1968626'),(3946,'2020-02-21 21:45:18','total_population','7729620165'),(3947,'2020-02-21 21:45:19','current_time','2020-02-21T22:45:18.934871+01:00'),(3948,'2020-02-21 21:45:19','total_population','7729620165'),(3949,'2020-02-21 21:45:19','current_time','2020-02-21T22:45:19.133024+01:00'),(3950,'2020-02-21 21:45:19','coronaVirus_Total_confirmed','76798'),(3951,'2020-02-21 21:45:19','coronaVirus_Total_confirmed','76798'),(3952,'2020-02-21 21:45:19','cicciolina_altezza','168 cm'),(3953,'2020-02-21 21:45:19','cicciolina_altezza','168 cm'),(3954,'2020-02-21 21:45:20','classifica_dischi_italiani','IL FANTADISCO DEI ME CONTRO TE'),(3955,'2020-02-21 21:45:20','classifica_dischi_italiani','IL FANTADISCO DEI ME CONTRO TE'),(3956,'2020-02-21 21:45:21','gold_price','48.70684440653914291665297045'),(3957,'2020-02-21 21:45:21','gold_price','48.70684440653914291665297045'),(3958,'2020-02-21 21:45:21','ansa_news','Cc Firenze: Costa,condanna 5 anni 6 mesi'),(3959,'2020-02-21 21:45:21','ansa_news','Cc Firenze: Costa,condanna 5 anni 6 mesi'),(3960,'2020-02-21 21:48:16','corriere_primaPosClassifica_title','Quali sono i sintomi del Coronavirus, come si trasmette e come ci si pu&ograve; proteggere'),(3961,'2020-02-21 21:48:17','corriere_primaPosClassifica_totView','1968626'),(3962,'2020-02-21 21:48:17','corriere_primaPosClassifica_title','Quali sono i sintomi del Coronavirus, come si trasmette e come ci si pu&ograve; proteggere'),(3963,'2020-02-21 21:48:17','corriere_primaPosClassifica_totView','1968626'),(3964,'2020-02-21 21:48:18','total_population','7729620165'),(3965,'2020-02-21 21:48:18','current_time','2020-02-21T22:48:18.636505+01:00'),(3966,'2020-02-21 21:48:18','total_population','7729620165'),(3967,'2020-02-21 21:48:19','coronaVirus_Total_confirmed','76798'),(3968,'2020-02-21 21:48:19','current_time','2020-02-21T22:48:18.946331+01:00'),(3969,'2020-02-21 21:48:19','coronaVirus_Total_confirmed','76798'),(3970,'2020-02-21 21:48:19','cicciolina_altezza','168 cm'),(3971,'2020-02-21 21:48:19','cicciolina_altezza','168 cm'),(3972,'2020-02-21 21:48:19','classifica_dischi_italiani','IL FANTADISCO DEI ME CONTRO TE'),(3973,'2020-02-21 21:48:20','classifica_dischi_italiani','IL FANTADISCO DEI ME CONTRO TE'),(3974,'2020-02-21 21:48:20','gold_price','48.71953800354563577278280350'),(3975,'2020-02-21 21:48:20','gold_price','48.71953800354563577278280350'),(3976,'2020-02-21 21:48:20','ansa_news','Cc Firenze: Costa,condanna 5 anni 6 mesi'),(3977,'2020-02-21 21:48:20','ansa_news','Cc Firenze: Costa,condanna 5 anni 6 mesi'),(3978,'2020-02-21 21:52:48','gold_price','48.71657434772693964553827629'),(3979,'2020-02-21 21:54:33','total_population','7729620165'),(3980,'2020-02-21 21:54:33','coronaVirus_Total_confirmed','76798'),(3981,'2020-02-21 21:55:51','total_population','7729620165'),(3982,'2020-02-21 21:55:51','coronaVirus_Total_confirmed','76798'),(3983,'2020-02-21 21:57:06','total_population','7729620165'),(3984,'2020-02-21 21:57:06','coronaVirus_Total_confirmed','76798'),(3985,'2020-02-21 21:57:14','total_population','7729620165'),(3986,'2020-02-21 21:57:14','coronaVirus_Total_confirmed','76798'),(3987,'2020-02-21 21:57:21','corriere_primaPosClassifica_title','Quali sono i sintomi del Coronavirus, come si trasmette e come ci si pu&ograve; proteggere'),(3988,'2020-02-21 21:57:21','corriere_primaPosClassifica_totView','2038360'),(3989,'2020-02-21 21:57:23','total_population','7729620165'),(3990,'2020-02-21 21:57:23','coronaVirus_Total_confirmed','76798'),(3991,'2020-02-21 21:57:23','ansa_news','Cc Firenze: Costa,condanna 5 anni 6 mesi'),(3992,'2020-02-21 21:57:40','corriere_primaPosClassifica_title','Quali sono i sintomi del Coronavirus, come si trasmette e come ci si pu&ograve; proteggere'),(3993,'2020-02-21 21:57:40','corriere_primaPosClassifica_totView','2038360'),(3994,'2020-02-21 21:57:41','total_population','7729620165'),(3995,'2020-02-21 21:57:41','coronaVirus_Total_confirmed','76798'),(3996,'2020-02-21 21:57:42','cicciolina_altezza','168 cm'),(3997,'2020-02-21 21:57:43','classifica_dischi_italiani','IL FANTADISCO DEI ME CONTRO TE'),(3998,'2020-02-21 21:57:43','gold_price','48.71064703608954739104922187'),(3999,'2020-02-21 21:57:44','ansa_news','Cc Firenze: Costa,condanna 5 anni 6 mesi'),(4000,'2020-02-21 22:04:37','corriere_primaPosClassifica_title','Quali sono i sintomi del Coronavirus, come si trasmette e come ci si pu&ograve; proteggere'),(4001,'2020-02-21 22:04:38','corriere_primaPosClassifica_totView','2038360'),(4002,'2020-02-21 22:04:39','total_population','7729620165'),(4003,'2020-02-21 22:04:40','coronaVirus_Total_confirmed','76798'),(4004,'2020-02-21 22:04:40','cicciolina_altezza','168 cm'),(4005,'2020-02-21 22:04:41','classifica_dischi_italiani','IL FANTADISCO DEI ME CONTRO TE'),(4006,'2020-02-21 22:04:41','gold_price','48.70990612213487335923809006'),(4007,'2020-02-21 22:04:42','ansa_news','Cc Firenze: Costa,condanna 5 anni 6 mesi'),(4008,'2020-02-21 22:04:58','corriere_primaPosClassifica_title','Quali sono i sintomi del Coronavirus, come si trasmette e come ci si pu&ograve; proteggere'),(4009,'2020-02-21 22:04:58','classifica_dischi_italiani','IL FANTADISCO DEI ME CONTRO TE'),(4010,'2020-02-21 22:59:05','corriere_primaPosClassifica_title','Quali sono i sintomi del Coronavirus, come si trasmette e come ci si pu&ograve; proteggere'),(4011,'2020-02-21 22:59:06','classifica_dischi_italiani','IL FANTADISCO DEI ME CONTRO TE'),(4012,'2020-02-21 23:02:24','corriere_primaPosClassifica_title','Quali sono i sintomi del Coronavirus, come si trasmette e come ci si pu&ograve; proteggere'),(4013,'2020-02-21 23:02:25','classifica_dischi_italiani','IL FANTADISCO DEI ME CONTRO TE'),(4014,'2020-02-21 23:03:37','corriere_primaPosClassifica_title','Quali sono i sintomi del Coronavirus, come si trasmette e come ci si pu&ograve; proteggere'),(4015,'2020-02-21 23:03:38','corriere_primaPosClassifica_totView','2091237'),(4016,'2020-02-21 23:03:39','total_population','7729620165'),(4017,'2020-02-21 23:03:39','current_time','2020-02-22T00:03:40.049356+01:00'),(4018,'2020-02-21 23:03:40','coronaVirus_Total_confirmed','76798'),(4019,'2020-02-21 23:03:40','cicciolina_altezza','168 cm'),(4020,'2020-02-21 23:03:41','classifica_dischi_italiani','IL FANTADISCO DEI ME CONTRO TE'),(4021,'2020-02-21 23:03:42','gold_price','48.70990612213487335923809006'),(4022,'2020-02-21 23:03:42','ansa_news','Cc Firenze: Costa,condanna 5 anni 6 mesi'),(4023,'2020-02-21 23:04:22','corriere_primaPosClassifica_title','Quali sono i sintomi del Coronavirus, come si trasmette e come ci si pu&ograve; proteggere'),(4024,'2020-02-21 23:04:22','corriere_primaPosClassifica_totView','2091237'),(4025,'2020-02-21 23:04:23','total_population','7729620165'),(4026,'2020-02-21 23:04:23','current_time','2020-02-22T00:04:24.137047+01:00'),(4027,'2020-02-21 23:04:24','coronaVirus_Total_confirmed','76798'),(4028,'2020-02-21 23:04:24','classifica_dischi_italiani','IL FANTADISCO DEI ME CONTRO TE'),(4029,'2020-02-21 23:04:25','gold_price','48.70990612213487335923809006'),(4030,'2020-02-21 23:08:45','corriere_primaPosClassifica_title','Quali sono i sintomi del Coronavirus, come si trasmette e come ci si pu&ograve; proteggere'),(4031,'2020-02-21 23:08:46','corriere_primaPosClassifica_totView','2091237'),(4032,'2020-02-21 23:08:47','total_population','7729620165'),(4033,'2020-02-21 23:08:47','current_time','2020-02-22T00:08:47.870208+01:00'),(4034,'2020-02-21 23:08:48','coronaVirus_Total_confirmed','76802'),(4035,'2020-02-21 23:08:48','classifica_dischi_italiani','IL FANTADISCO DEI ME CONTRO TE'),(4036,'2020-02-21 23:08:49','gold_price','48.70990612213487335923809006'),(4037,'2020-02-21 23:13:42','corriere_primaPosClassifica_title','Quali sono i sintomi del Coronavirus, come si trasmette e come ci si pu&ograve; proteggere'),(4038,'2020-02-21 23:13:42','corriere_primaPosClassifica_totView','2091237'),(4039,'2020-02-21 23:13:44','total_population','7729620165'),(4040,'2020-02-21 23:13:44','current_time','2020-02-22T00:13:44.476415+01:00'),(4041,'2020-02-21 23:13:44','coronaVirus_Total_confirmed','76802'),(4042,'2020-02-21 23:13:45','classifica_dischi_italiani','IL FANTADISCO DEI ME CONTRO TE'),(4043,'2020-02-21 23:13:45','gold_price','48.70990612213487335923809006'),(4044,'2020-02-21 23:49:15','corriere_primaPosClassifica_title','Quali sono i sintomi del Coronavirus, come si trasmette e come ci si pu&ograve; proteggere'),(4045,'2020-02-21 23:49:15','corriere_primaPosClassifica_totView','2107483'),(4046,'2020-02-21 23:49:17','total_population','7729620165'),(4047,'2020-02-21 23:49:17','current_time','2020-02-22T00:49:17.616323+01:00'),(4048,'2020-02-21 23:49:18','coronaVirus_Total_confirmed','76843'),(4049,'2020-02-21 23:49:18','classifica_dischi_italiani','IL FANTADISCO DEI ME CONTRO TE'),(4050,'2020-02-21 23:49:19','gold_price','48.70990612213487335923809006'),(4051,'2020-02-21 23:52:11','corriere_primaPosClassifica_title','Quali sono i sintomi del Coronavirus, come si trasmette e come ci si pu&ograve; proteggere'),(4052,'2020-02-21 23:52:11','corriere_primaPosClassifica_totView','2121580'),(4053,'2020-02-21 23:52:12','total_population','7729620165'),(4054,'2020-02-21 23:52:12','current_time','2020-02-22T00:52:12.879356+01:00'),(4055,'2020-02-21 23:52:13','coronaVirus_Total_confirmed','76843'),(4056,'2020-02-21 23:52:13','classifica_dischi_italiani','IL FANTADISCO DEI ME CONTRO TE'),(4057,'2020-02-21 23:52:14','gold_price','48.70990612213487335923809006'),(4058,'2020-02-21 23:52:24','corriere_primaPosClassifica_title','Quali sono i sintomi del Coronavirus, come si trasmette e come ci si pu&ograve; proteggere'),(4059,'2020-02-21 23:52:25','corriere_primaPosClassifica_totView','2121580'),(4060,'2020-02-21 23:52:26','total_population','7729620165'),(4061,'2020-02-21 23:52:26','current_time','2020-02-22T00:52:26.217991+01:00'),(4062,'2020-02-21 23:52:26','coronaVirus_Total_confirmed','76843'),(4063,'2020-02-21 23:52:27','classifica_dischi_italiani','IL FANTADISCO DEI ME CONTRO TE'),(4064,'2020-02-21 23:52:27','gold_price','48.70990612213487335923809006'),(4065,'2020-02-21 23:53:47','corriere_primaPosClassifica_title','Quali sono i sintomi del Coronavirus, come si trasmette e come ci si pu&ograve; proteggere'),(4066,'2020-02-21 23:53:48','corriere_primaPosClassifica_totView','2121580'),(4067,'2020-02-21 23:53:49','total_population','7729620165'),(4068,'2020-02-21 23:53:49','current_time','2020-02-22T00:53:49.244188+01:00'),(4069,'2020-02-21 23:53:49','coronaVirus_Total_confirmed','76843'),(4070,'2020-02-21 23:53:50','classifica_dischi_italiani','IL FANTADISCO DEI ME CONTRO TE'),(4071,'2020-02-21 23:53:50','gold_price','48.70990612213487335923809006'),(4072,'2020-02-21 23:53:53','corriere_primaPosClassifica_title','Quali sono i sintomi del Coronavirus, come si trasmette e come ci si pu&ograve; proteggere'),(4073,'2020-02-21 23:53:53','corriere_primaPosClassifica_totView','2121580'),(4074,'2020-02-21 23:53:54','total_population','7729620165'),(4075,'2020-02-21 23:53:54','current_time','2020-02-22T00:53:54.745109+01:00'),(4076,'2020-02-21 23:53:54','coronaVirus_Total_confirmed','76843'),(4077,'2020-02-21 23:53:55','classifica_dischi_italiani','IL FANTADISCO DEI ME CONTRO TE'),(4078,'2020-02-21 23:53:56','gold_price','48.70990612213487335923809006'),(4079,'2020-02-22 00:32:11','corriere_primaPosClassifica_title','Quali sono i sintomi del Coronavirus, come si trasmette e come ci si pu&ograve; proteggere'),(4080,'2020-02-22 00:32:11','corriere_primaPosClassifica_totView','2133118'),(4081,'2020-02-22 00:32:13','total_population','7729838210'),(4082,'2020-02-22 00:32:13','current_time','2020-02-22T01:32:13.525796+01:00'),(4083,'2020-02-22 00:32:13','coronaVirus_Total_confirmed','77270'),(4084,'2020-02-22 00:32:14','classifica_dischi_italiani','IL FANTADISCO DEI ME CONTRO TE'),(4085,'2020-02-22 00:32:15','gold_price','48.70990612213487335923809006'),(4086,'2020-02-22 00:35:04','corriere_primaPosClassifica_title','Quali sono i sintomi del Coronavirus, come si trasmette e come ci si pu&ograve; proteggere'),(4087,'2020-02-22 00:35:04','corriere_primaPosClassifica_totView','2133118'),(4088,'2020-02-22 00:35:05','total_population','7729838210'),(4089,'2020-02-22 00:35:05','current_time','2020-02-22T01:35:05.816147+01:00'),(4090,'2020-02-22 00:35:06','coronaVirus_Total_confirmed','77270'),(4091,'2020-02-22 00:35:06','classifica_dischi_italiani','IL FANTADISCO DEI ME CONTRO TE'),(4092,'2020-02-22 00:35:07','gold_price','48.70990612213487335923809006'),(4093,'2020-02-22 00:36:53','corriere_primaPosClassifica_title','Quali sono i sintomi del Coronavirus, come si trasmette e come ci si pu&ograve; proteggere'),(4094,'2020-02-22 00:36:54','corriere_primaPosClassifica_totView','2133118'),(4095,'2020-02-22 00:36:55','total_population','7729838210'),(4096,'2020-02-22 00:36:55','current_time','2020-02-22T01:36:55.486057+01:00'),(4097,'2020-02-22 00:36:55','coronaVirus_Total_confirmed','77270'),(4098,'2020-02-22 00:36:56','classifica_dischi_italiani','IL FANTADISCO DEI ME CONTRO TE'),(4099,'2020-02-22 00:36:57','gold_price','48.70990612213487335923809006'),(4100,'2020-02-22 00:37:48','corriere_primaPosClassifica_title','Quali sono i sintomi del Coronavirus, come si trasmette e come ci si pu&ograve; proteggere'),(4101,'2020-02-22 00:37:48','corriere_primaPosClassifica_totView','2133118'),(4102,'2020-02-22 00:37:50','total_population','7729838210'),(4103,'2020-02-22 00:37:50','current_time','2020-02-22T01:37:50.262296+01:00'),(4104,'2020-02-22 00:37:50','coronaVirus_Total_confirmed','77270'),(4105,'2020-02-22 00:37:50','classifica_dischi_italiani','IL FANTADISCO DEI ME CONTRO TE'),(4106,'2020-02-22 00:37:51','gold_price','48.70990612213487335923809006'),(4107,'2020-02-22 00:44:13','corriere_primaPosClassifica_title','Quali sono i sintomi del Coronavirus, come si trasmette e come ci si pu&ograve; proteggere'),(4108,'2020-02-22 00:44:13','corriere_primaPosClassifica_totView','2133118'),(4109,'2020-02-22 00:44:15','total_population','7729838210'),(4110,'2020-02-22 00:44:15','current_time','2020-02-22T01:44:15.546792+01:00'),(4111,'2020-02-22 00:44:15','coronaVirus_Total_confirmed','77270'),(4112,'2020-02-22 00:44:16','classifica_dischi_italiani','IL FANTADISCO DEI ME CONTRO TE'),(4113,'2020-02-22 00:44:17','gold_price','48.70990612213487335923809006'),(4114,'2020-02-22 00:44:46','corriere_primaPosClassifica_title','Quali sono i sintomi del Coronavirus, come si trasmette e come ci si pu&ograve; proteggere'),(4115,'2020-02-22 00:44:46','corriere_primaPosClassifica_totView','2133118'),(4116,'2020-02-22 00:44:47','total_population','7729838210'),(4117,'2020-02-22 00:44:47','current_time','2020-02-22T01:44:47.655497+01:00'),(4118,'2020-02-22 00:44:48','coronaVirus_Total_confirmed','77270'),(4119,'2020-02-22 00:44:48','classifica_dischi_italiani','IL FANTADISCO DEI ME CONTRO TE'),(4120,'2020-02-22 00:44:49','gold_price','48.70990612213487335923809006'),(4121,'2020-02-22 00:44:51','corriere_primaPosClassifica_title','Quali sono i sintomi del Coronavirus, come si trasmette e come ci si pu&ograve; proteggere'),(4122,'2020-02-22 00:44:51','corriere_primaPosClassifica_totView','2133118'),(4123,'2020-02-22 00:44:52','total_population','7729838210'),(4124,'2020-02-22 00:44:52','current_time','2020-02-22T01:44:52.754412+01:00'),(4125,'2020-02-22 00:44:52','coronaVirus_Total_confirmed','77270'),(4126,'2020-02-22 00:44:53','classifica_dischi_italiani','IL FANTADISCO DEI ME CONTRO TE'),(4127,'2020-02-22 00:44:54','gold_price','48.70990612213487335923809006'),(4128,'2020-02-22 00:49:21','corriere_primaPosClassifica_title','Quali sono i sintomi del Coronavirus, come si trasmette e come ci si pu&ograve; proteggere'),(4129,'2020-02-22 00:49:21','corriere_primaPosClassifica_totView','2133118'),(4130,'2020-02-22 00:49:22','total_population','7729838210'),(4131,'2020-02-22 00:49:23','current_time','2020-02-22T01:49:23.065838+01:00'),(4132,'2020-02-22 00:49:23','coronaVirus_Total_confirmed','77270'),(4133,'2020-02-22 00:49:23','classifica_dischi_italiani','IL FANTADISCO DEI ME CONTRO TE'),(4134,'2020-02-22 00:49:24','gold_price','48.70990612213487335923809006'),(4135,'2020-02-22 01:46:13','comment_this','fff'),(4136,'2020-02-22 01:46:19','comment_this','fff'),(4137,'2020-02-22 01:54:37','corriere_primaPosClassifica_title','Quali sono i sintomi del Coronavirus, come si trasmette e come ci si pu&ograve; proteggere'),(4138,'2020-02-22 01:54:37','corriere_primaPosClassifica_totView','2145432'),(4139,'2020-02-22 01:54:38','total_population','7729838210'),(4140,'2020-02-22 01:54:38','current_time','2020-02-22T02:54:38.602102+01:00'),(4141,'2020-02-22 01:54:38','coronaVirus_Total_confirmed','77646'),(4142,'2020-02-22 01:54:39','classifica_dischi_italiani','IL FANTADISCO DEI ME CONTRO TE'),(4143,'2020-02-22 01:54:40','gold_price','48.70990612213487335923809006'),(4144,'2020-02-22 01:56:51','corriere_primaPosClassifica_title','Quali sono i sintomi del Coronavirus, come si trasmette e come ci si pu&ograve; proteggere'),(4145,'2020-02-22 01:56:52','corriere_primaPosClassifica_totView','2145432'),(4146,'2020-02-22 01:56:53','total_population','7729838210'),(4147,'2020-02-22 01:56:53','current_time','2020-02-22T02:56:53.775803+01:00'),(4148,'2020-02-22 01:56:54','coronaVirus_Total_confirmed','77646'),(4149,'2020-02-22 01:56:54','classifica_dischi_italiani','IL FANTADISCO DEI ME CONTRO TE'),(4150,'2020-02-22 01:56:55','gold_price','48.70990612213487335923809006'),(4151,'2020-02-22 14:30:57','corriere_primaPosClassifica_title','Quali sono i sintomi del Coronavirus, come si trasmette e come ci si pu&ograve; proteggere'),(4152,'2020-02-22 14:30:57','corriere_primaPosClassifica_totView','2347566'),(4153,'2020-02-22 14:30:58','total_population','7729838210'),(4154,'2020-02-22 14:30:59','current_time','2020-02-22T15:30:59.064342+01:00'),(4155,'2020-02-22 14:30:59','coronaVirus_Total_confirmed','77918'),(4156,'2020-02-22 14:31:00','classifica_dischi_italiani','IL FANTADISCO DEI ME CONTRO TE'),(4157,'2020-02-22 14:31:00','gold_price','48.70990612213487335923809006'),(4158,'2020-02-22 14:31:01','corriere_primaPosClassifica_title','Quali sono i sintomi del Coronavirus, come si trasmette e come ci si pu&ograve; proteggere'),(4159,'2020-02-22 14:31:01','corriere_primaPosClassifica_totView','2347566'),(4160,'2020-02-22 14:31:03','total_population','7729838210'),(4161,'2020-02-22 14:31:03','current_time','2020-02-22T15:31:03.183808+01:00'),(4162,'2020-02-22 14:31:03','coronaVirus_Total_confirmed','77918'),(4163,'2020-02-22 14:31:03','classifica_dischi_italiani','IL FANTADISCO DEI ME CONTRO TE'),(4164,'2020-02-22 14:31:04','gold_price','48.70990612213487335923809006'),(4165,'2020-02-22 15:16:57','corriere_primaPosClassifica_title','Quali sono i sintomi del Coronavirus, come si trasmette e come ci si pu&ograve; proteggere'),(4166,'2020-02-22 15:16:57','corriere_primaPosClassifica_totView','2355268'),(4167,'2020-02-22 15:16:59','total_population','7729838210'),(4168,'2020-02-22 15:16:59','current_time','2020-02-22T16:16:59.715612+01:00'),(4169,'2020-02-22 15:17:00','coronaVirus_Total_confirmed','77923'),(4170,'2020-02-22 15:17:00','classifica_dischi_italiani','IL FANTADISCO DEI ME CONTRO TE'),(4171,'2020-02-22 15:17:01','gold_price','48.70990612213487335923809006'),(4172,'2020-02-22 15:20:51','corriere_primaPosClassifica_title','Quali sono i sintomi del Coronavirus, come si trasmette e come ci si pu&ograve; proteggere'),(4173,'2020-02-22 15:20:51','corriere_primaPosClassifica_totView','2363398'),(4174,'2020-02-22 15:20:53','total_population','7729838210'),(4175,'2020-02-22 15:20:53','current_time','2020-02-22T16:20:53.571152+01:00'),(4176,'2020-02-22 15:20:53','coronaVirus_Total_confirmed','77923'),(4177,'2020-02-22 15:20:54','classifica_dischi_italiani','IL FANTADISCO DEI ME CONTRO TE'),(4178,'2020-02-22 15:20:55','gold_price','48.70990612213487335923809006'),(4179,'2020-02-22 16:04:04','corriere_primaPosClassifica_title','Quali sono i sintomi del Coronavirus, come si trasmette e come ci si pu&ograve; proteggere'),(4180,'2020-02-22 16:04:04','corriere_primaPosClassifica_totView','2363398'),(4181,'2020-02-22 16:04:07','total_population','7729838210'),(4182,'2020-02-22 16:04:07','current_time','2020-02-22T17:04:07.469635+01:00'),(4183,'2020-02-22 16:04:07','coronaVirus_Total_confirmed','77923'),(4184,'2020-02-22 16:04:08','classifica_dischi_italiani','IL FANTADISCO DEI ME CONTRO TE'),(4185,'2020-02-22 16:04:08','gold_price','48.70990612213487335923809006'),(4186,'2020-02-23 14:15:38','corriere_primaPosClassifica_title','Coronavirus&#44; due casi a Milano'),(4187,'2020-02-23 14:15:38','corriere_primaPosClassifica_totView','1802497'),(4188,'2020-02-23 14:15:39','total_population','7730056248'),(4189,'2020-02-23 14:15:39','current_time','2020-02-23T15:15:39.970486+01:00'),(4190,'2020-02-23 14:15:40','coronaVirus_Total_confirmed','78823'),(4191,'2020-02-23 14:15:40','classifica_dischi_italiani','IL FANTADISCO DEI ME CONTRO TE'),(4192,'2020-02-23 14:15:41','gold_price','48.71064703608954739104922187'),(4193,'2020-02-23 14:25:45','corriere_primaPosClassifica_title','Coronavirus&#44; due casi a Milano'),(4194,'2020-02-23 14:25:45','corriere_primaPosClassifica_totView','1816320'),(4195,'2020-02-23 14:25:46','total_population','7730056248'),(4196,'2020-02-23 14:25:47','current_time','2020-02-23T15:25:47.032946+01:00'),(4197,'2020-02-23 14:25:47','coronaVirus_Total_confirmed','78823'),(4198,'2020-02-23 14:25:48','classifica_dischi_italiani','IL FANTADISCO DEI ME CONTRO TE'),(4199,'2020-02-23 14:25:48','gold_price','48.71064703608954739104922187'),(4200,'2020-02-23 14:49:26','corriere_primaPosClassifica_title','Coronavirus&#44; due casi a Milano'),(4201,'2020-02-23 14:49:26','corriere_primaPosClassifica_totView','1816320'),(4202,'2020-02-23 14:49:28','total_population','7730056248'),(4203,'2020-02-23 14:49:28','current_time','2020-02-23T15:49:28.812781+01:00'),(4204,'2020-02-23 14:49:29','coronaVirus_Total_confirmed','78823'),(4205,'2020-02-23 14:49:29','classifica_dischi_italiani','IL FANTADISCO DEI ME CONTRO TE'),(4206,'2020-02-23 14:49:30','gold_price','48.71064703608954739104922187'),(4207,'2020-02-23 14:49:34','corriere_primaPosClassifica_title','Coronavirus&#44; due casi a Milano'),(4208,'2020-02-23 14:49:34','corriere_primaPosClassifica_totView','1816320'),(4209,'2020-02-23 14:49:36','total_population','7730056248'),(4210,'2020-02-23 14:49:36','current_time','2020-02-23T15:49:36.482993+01:00'),(4211,'2020-02-23 14:49:36','coronaVirus_Total_confirmed','78823'),(4212,'2020-02-23 14:49:37','classifica_dischi_italiani','IL FANTADISCO DEI ME CONTRO TE'),(4213,'2020-02-23 14:49:37','gold_price','48.71064703608954739104922187'),(4214,'2020-02-23 14:51:26','corriere_primaPosClassifica_title','Coronavirus&#44; due casi a Milano'),(4215,'2020-02-23 14:51:26','corriere_primaPosClassifica_totView','1831354'),(4216,'2020-02-23 14:51:28','total_population','7730056248'),(4217,'2020-02-23 14:51:28','current_time','2020-02-23T15:51:28.706232+01:00'),(4218,'2020-02-23 14:51:28','coronaVirus_Total_confirmed','78823'),(4219,'2020-02-23 14:51:29','classifica_dischi_italiani','IL FANTADISCO DEI ME CONTRO TE'),(4220,'2020-02-23 14:51:30','gold_price','48.71064703608954739104922187'),(4221,'2020-02-23 14:56:53','gold_price','48.71064703608954739104922187'),(4222,'2020-02-23 14:58:16','gold_price','48.71064703608954739104922187'),(4223,'2020-02-23 15:22:18','corriere_primaPosClassifica_title','Coronavirus&#44; due casi a Milano'),(4224,'2020-02-23 15:22:18','corriere_primaPosClassifica_totView','1849299'),(4225,'2020-02-23 15:22:20','total_population','7730056248'),(4226,'2020-02-23 15:22:20','current_time','2020-02-23T16:22:20.687213+01:00'),(4227,'2020-02-23 15:22:21','coronaVirus_Total_confirmed','78838'),(4228,'2020-02-23 15:22:22','cicciolina_altezza','168 cm'),(4229,'2020-02-23 15:22:23','classifica_dischi_italiani','IL FANTADISCO DEI ME CONTRO TE'),(4230,'2020-02-23 15:22:23','gold_price','48.71064703608954739104922187'),(4231,'2020-02-23 15:22:24','ansa_news','Ischia, stop turisti lombardi e veneti'),(4232,'2020-02-23 15:23:02','corriere_primaPosClassifica_title','Coronavirus&#44; due casi a Milano'),(4233,'2020-02-23 15:23:02','corriere_primaPosClassifica_totView','1849299'),(4234,'2020-02-23 15:23:03','total_population','7730056248'),(4235,'2020-02-23 15:23:03','current_time','2020-02-23T16:23:03.859722+01:00'),(4236,'2020-02-23 15:23:04','coronaVirus_Total_confirmed','78838'),(4237,'2020-02-23 15:23:04','cicciolina_altezza','168 cm'),(4238,'2020-02-23 15:23:05','classifica_dischi_italiani','IL FANTADISCO DEI ME CONTRO TE'),(4239,'2020-02-23 15:23:06','gold_price','48.71064703608954739104922187'),(4240,'2020-02-23 15:23:06','ansa_news','Ischia, stop turisti lombardi e veneti'),(4241,'2020-02-23 15:55:59','ansa_news','Coronavirus: 4 casi nella bergamasca'),(4242,'2020-02-23 15:57:28','ansa_news',''),(4243,'2020-02-23 16:04:25','ansa_news',''),(4244,'2020-02-23 16:13:32','corriere_primaPosClassifica_title','Coronavirus&#44; due casi a Milano'),(4245,'2020-02-23 16:13:33','corriere_primaPosClassifica_totView','1866768'),(4246,'2020-02-23 16:13:34','total_population','7730056248'),(4247,'2020-02-23 16:13:35','current_time','2020-02-23T17:13:34.962733+01:00'),(4248,'2020-02-23 16:13:35','coronaVirus_Total_confirmed','78891'),(4249,'2020-02-23 16:13:36','cicciolina_altezza','168 cm'),(4250,'2020-02-23 16:13:36','classifica_dischi_italiani','IL FANTADISCO DEI ME CONTRO TE'),(4251,'2020-02-23 16:13:37','gold_price','48.71064703608954739104922187'),(4252,'2020-02-23 16:13:51','corriere_primaPosClassifica_title','Coronavirus&#44; due casi a Milano'),(4253,'2020-02-23 16:13:52','corriere_primaPosClassifica_totView','1866768'),(4254,'2020-02-23 16:13:54','total_population','7730056248'),(4255,'2020-02-23 16:13:54','current_time','2020-02-23T17:13:54.321719+01:00'),(4256,'2020-02-23 16:13:54','coronaVirus_Total_confirmed','78891'),(4257,'2020-02-23 16:13:55','cicciolina_altezza','168 cm'),(4258,'2020-02-23 16:13:55','classifica_dischi_italiani','IL FANTADISCO DEI ME CONTRO TE'),(4259,'2020-02-23 16:13:56','gold_price','48.71064703608954739104922187'),(4260,'2020-02-23 16:14:44','gold_price','48.71064703608954739104922187'),(4261,'2020-02-23 16:18:14','cicciolina_altezza','168 cm'),(4262,'2020-02-24 18:02:58','corriere_primaPosClassifica_title','L&#8217;infettivologo Galli&#58; &#171;Ecco perch&#233; tanti casi di coronavirus in Italia&#187;'),(4263,'2020-02-24 18:02:58','corriere_primaPosClassifica_totView','2201883'),(4264,'2020-02-24 18:02:59','total_population','7730274279'),(4265,'2020-02-24 18:03:00','current_time','2020-02-24T19:02:59.967446+01:00'),(4266,'2020-02-24 18:03:00','coronaVirus_Total_confirmed','79553'),(4267,'2020-02-24 19:59:13','corriere_primaPosClassifica_title','L&#8217;infettivologo Galli&#58; &#171;Ecco perch&#233; tanti casi di coronavirus in Italia&#187;'),(4268,'2020-02-24 19:59:14','corriere_primaPosClassifica_totView','2351616'),(4269,'2020-02-24 19:59:16','total_population','7730274279'),(4270,'2020-02-24 19:59:16','current_time','2020-02-24T20:59:16.582594+01:00'),(4271,'2020-02-24 19:59:16','coronaVirus_Total_confirmed','79553'),(4272,'2020-02-24 19:59:18','cicciolina_altezza','168 cm'),(4273,'2020-02-24 19:59:18','classifica_dischi_italiani','IL FANTADISCO DEI ME CONTRO TE'),(4274,'2020-02-24 19:59:19','gold_price','48.96674959501633592293450615'),(4275,'2020-02-24 19:59:19','ansa_news','Coronavirus, 7 morti e oltre 200 contagiati|Tutti gli aggiornamentiCaos treni. LOms: preoccupati per laumento  dei casi in ItaliaTonfo Borse, Milano perde il 5,4%. Bruciati 30 miliardi | MappaMilano citt semi-deserta: foto | Il videoracconto della giornata'),(4276,'2020-02-24 20:00:57','corriere_primaPosClassifica_title','L&#8217;infettivologo Galli&#58; &#171;Ecco perch&#233; tanti casi di coronavirus in Italia&#187;'),(4277,'2020-02-24 20:00:57','corriere_primaPosClassifica_totView','2351616'),(4278,'2020-02-24 20:00:59','total_population','7730274279'),(4279,'2020-02-24 20:00:59','current_time','2020-02-24T21:00:59.599245+01:00'),(4280,'2020-02-24 20:00:59','coronaVirus_Total_confirmed','79553'),(4281,'2020-02-24 20:01:00','cicciolina_altezza','168 cm'),(4282,'2020-02-24 20:01:01','classifica_dischi_italiani','IL FANTADISCO DEI ME CONTRO TE'),(4283,'2020-02-24 20:01:02','gold_price','49.02976087869379284312035496'),(4284,'2020-02-24 20:01:02','ansa_news','Coronavirus, 7 morti e oltre 200 contagiati|Tutti gli aggiornamentiCaos treni. LOms: preoccupati per laumento  dei casi in ItaliaTonfo Borse, Milano perde il 5,4%. Bruciati 30 miliardi | MappaMilano citt semi-deserta: foto | Il videoracconto della giornata'),(4285,'2020-02-24 20:01:51','corriere_primaPosClassifica_title','L&#8217;infettivologo Galli&#58; &#171;Ecco perch&#233; tanti casi di coronavirus in Italia&#187;'),(4286,'2020-02-24 20:01:51','corriere_primaPosClassifica_totView','2351616'),(4287,'2020-02-24 20:01:52','total_population','7730274279'),(4288,'2020-02-24 20:01:52','current_time','2020-02-24T21:01:52.534146+01:00'),(4289,'2020-02-24 20:01:52','coronaVirus_Total_confirmed','79553'),(4290,'2020-02-24 20:01:53','cicciolina_altezza','168 cm'),(4291,'2020-02-24 20:01:54','classifica_dischi_italiani','IL FANTADISCO DEI ME CONTRO TE'),(4292,'2020-02-24 20:01:54','gold_price','49.02976087869379284312035496'),(4293,'2020-02-24 20:01:55','ansa_news','Coronavirus, 7 morti e oltre 200 contagiati|Tutti gli aggiornamentiCaos treni. LOms: preoccupati per laumento  dei casi in ItaliaTonfo Borse, Milano perde il 5,4%. Bruciati 30 miliardi | MappaMilano citt semi-deserta: foto | Il videoracconto della giornata'),(4294,'2020-02-24 20:01:58','corriere_primaPosClassifica_title','L&#8217;infettivologo Galli&#58; &#171;Ecco perch&#233; tanti casi di coronavirus in Italia&#187;'),(4295,'2020-02-24 20:01:58','corriere_primaPosClassifica_totView','2351616'),(4296,'2020-02-24 20:02:00','total_population','7730274279'),(4297,'2020-02-24 20:02:00','current_time','2020-02-24T21:02:00.401353+01:00'),(4298,'2020-02-24 20:02:00','coronaVirus_Total_confirmed','79553'),(4299,'2020-02-24 20:02:01','cicciolina_altezza','168 cm'),(4300,'2020-02-24 20:02:02','classifica_dischi_italiani','IL FANTADISCO DEI ME CONTRO TE'),(4301,'2020-02-24 20:02:02','gold_price','49.02976087869379284312035496'),(4302,'2020-02-24 20:02:03','ansa_news','Coronavirus, 7 morti e oltre 200 contagiati|Tutti gli aggiornamentiCaos treni. LOms: preoccupati per laumento  dei casi in ItaliaTonfo Borse, Milano perde il 5,4%. Bruciati 30 miliardi | MappaMilano citt semi-deserta: foto | Il videoracconto della giornata'),(4303,'2020-02-24 20:02:14','corriere_primaPosClassifica_title','L&#8217;infettivologo Galli&#58; &#171;Ecco perch&#233; tanti casi di coronavirus in Italia&#187;'),(4304,'2020-02-24 20:02:15','corriere_primaPosClassifica_totView','2351616'),(4305,'2020-02-24 20:02:16','total_population','7730274279'),(4306,'2020-02-24 20:02:16','current_time','2020-02-24T21:02:16.702512+01:00'),(4307,'2020-02-24 20:02:16','coronaVirus_Total_confirmed','79553'),(4308,'2020-02-24 20:02:18','cicciolina_altezza','168 cm'),(4309,'2020-02-24 20:02:18','classifica_dischi_italiani','IL FANTADISCO DEI ME CONTRO TE'),(4310,'2020-02-24 20:02:19','gold_price','49.01529304273791025188540980'),(4311,'2020-02-24 20:02:19','ansa_news','Coronavirus, 7 morti e oltre 200 contagiati|Tutti gli aggiornamentiCaos treni. LOms: preoccupati per laumento  dei casi in ItaliaTonfo Borse, Milano perde il 5,4%. Bruciati 30 miliardi | MappaMilano citt semi-deserta: foto | Il videoracconto della giornata'),(4312,'2020-02-24 20:11:39','corriere_primaPosClassifica_title','L&#8217;infettivologo Galli&#58; &#171;Ecco perch&#233; tanti casi di coronavirus in Italia&#187;'),(4313,'2020-02-24 20:11:40','corriere_primaPosClassifica_totView','2351616'),(4314,'2020-02-24 20:11:41','total_population','7730274279'),(4315,'2020-02-24 20:11:42','current_time','2020-02-24T21:11:42.189356+01:00'),(4316,'2020-02-24 20:11:42','coronaVirus_Total_confirmed','79553'),(4317,'2020-02-24 20:11:43','cicciolina_altezza','168 cm'),(4318,'2020-02-24 20:11:44','classifica_dischi_italiani','IL FANTADISCO DEI ME CONTRO TE'),(4319,'2020-02-24 20:11:44','gold_price','49.08198253257655105618288950'),(4320,'2020-02-24 20:11:45','ansa_news','Coronavirus, 7 morti e oltre 200 contagiati|Tutti gli aggiornamentiCaos treni. LOms: preoccupati per laumento  dei casi in ItaliaTonfo Borse, Milano perde il 5,4%. Bruciati 30 miliardi | MappaMilano citt semi-deserta: foto | Il videoracconto della giornata'),(4321,'2020-02-24 20:12:05','corriere_primaPosClassifica_title','L&#8217;infettivologo Galli&#58; &#171;Ecco perch&#233; tanti casi di coronavirus in Italia&#187;'),(4322,'2020-02-24 20:12:05','corriere_primaPosClassifica_totView','2351616'),(4323,'2020-02-24 20:12:06','total_population','7730274279'),(4324,'2020-02-24 20:12:06','current_time','2020-02-24T21:12:06.699468+01:00'),(4325,'2020-02-24 20:12:06','coronaVirus_Total_confirmed','79553'),(4326,'2020-02-24 20:12:09','cicciolina_altezza','168 cm'),(4327,'2020-02-24 20:12:09','classifica_dischi_italiani','IL FANTADISCO DEI ME CONTRO TE'),(4328,'2020-02-24 20:12:10','gold_price','49.11458628316433100495054624'),(4329,'2020-02-24 20:12:10','ansa_news','Coronavirus, 7 morti e oltre 200 contagiati|Tutti gli aggiornamentiCaos treni. LOms: preoccupati per laumento  dei casi in ItaliaTonfo Borse, Milano perde il 5,4%. Bruciati 30 miliardi | MappaMilano citt semi-deserta: foto | Il videoracconto della giornata'),(4330,'2020-02-24 21:14:59','corriere_primaPosClassifica_title','L&#8217;infettivologo Galli&#58; &#171;Ecco perch&#233; tanti casi di coronavirus in Italia&#187;'),(4331,'2020-02-24 21:14:59','corriere_primaPosClassifica_totView','2398879'),(4332,'2020-02-24 21:15:00','total_population','7730274279'),(4333,'2020-02-24 21:15:00','current_time','2020-02-24T22:15:00.582596+01:00'),(4334,'2020-02-24 21:15:00','coronaVirus_Total_confirmed','79553'),(4335,'2020-02-24 21:15:01','cicciolina_altezza','168 cm'),(4336,'2020-02-24 21:15:02','classifica_dischi_italiani','IL FANTADISCO DEI ME CONTRO TE'),(4337,'2020-02-24 21:15:03','gold_price','49.23188185187065646628932493'),(4338,'2020-02-24 21:15:03','ansa_news','Coronavirus, 7 morti e oltre 200 contagiati|Tutti gli aggiornamentiConte: Focolaio perch un ospedale non ha seguito i protocolliTonfo Borse, Milano perde il 5,4%. Bruciati 30 miliardi | MappaMilano citt semi-deserta: foto | Il videoracconto della giornata'),(4339,'2020-02-24 21:23:30','corriere_primaPosClassifica_title','L&#8217;infettivologo Galli&#58; &#171;Ecco perch&#233; tanti casi di coronavirus in Italia&#187;'),(4340,'2020-02-24 21:23:31','corriere_primaPosClassifica_totView','2422544'),(4341,'2020-02-24 21:23:32','total_population','7730274279'),(4342,'2020-02-24 21:23:32','current_time','2020-02-24T22:23:32.656166+01:00'),(4343,'2020-02-24 21:23:32','coronaVirus_Total_confirmed','79553'),(4344,'2020-02-24 21:23:34','cicciolina_altezza','168 cm'),(4345,'2020-02-24 21:23:34','classifica_dischi_italiani','IL FANTADISCO DEI ME CONTRO TE'),(4346,'2020-02-24 21:23:35','gold_price','49.13356631564738769011186556'),(4347,'2020-02-24 21:23:35','ansa_news','Coronavirus, 7 morti e oltre 200 contagiati|Tutti gli aggiornamentiConte: Focolaio perch un ospedale non ha seguito i protocolliTonfo Borse, Milano perde il 5,4%. Bruciati 30 miliardi | MappaCosa sappiamo dei decessi in Italia | Chi sono le vittime'),(4348,'2020-02-24 22:16:24','corriere_primaPosClassifica_title','L&#8217;infettivologo Galli&#58; &#171;Ecco perch&#233; tanti casi di coronavirus in Italia&#187;'),(4349,'2020-02-24 22:16:24','corriere_primaPosClassifica_totView','2444151'),(4350,'2020-02-24 22:16:25','total_population','7730274279'),(4351,'2020-02-24 22:16:26','current_time','2020-02-24T23:16:26.075298+01:00'),(4352,'2020-02-24 22:16:26','coronaVirus_Total_confirmed','79553'),(4353,'2020-02-24 22:16:27','cicciolina_altezza','168 cm'),(4354,'2020-02-24 22:16:28','classifica_dischi_italiani','IL FANTADISCO DEI ME CONTRO TE'),(4355,'2020-02-24 22:16:29','gold_price','49.14038098789007407686332995'),(4356,'2020-02-24 22:16:29','ansa_news','Coronavirus, 7 morti e oltre 200 contagiati|Tutti gli aggiornamentiConte: Focolaio perch un ospedale non ha seguito i protocolliTonfo Borse, Milano perde il 5,4%. Bruciati 30 miliardi | MappaCosa sappiamo dei decessi in Italia | Chi sono le vittime'),(4357,'2020-02-24 22:18:04','corriere_primaPosClassifica_title','L&#8217;infettivologo Galli&#58; &#171;Ecco perch&#233; tanti casi di coronavirus in Italia&#187;'),(4358,'2020-02-24 22:18:05','corriere_primaPosClassifica_totView','2444151'),(4359,'2020-02-24 22:18:06','total_population','7730274279'),(4360,'2020-02-24 22:18:06','current_time','2020-02-24T23:18:06.850538+01:00'),(4361,'2020-02-24 22:18:07','coronaVirus_Total_confirmed','79553'),(4362,'2020-02-24 22:18:08','cicciolina_altezza','168 cm'),(4363,'2020-02-24 22:18:08','classifica_dischi_italiani','IL FANTADISCO DEI ME CONTRO TE'),(4364,'2020-02-24 22:18:09','gold_price','49.14571479674580945883194640'),(4365,'2020-02-24 22:18:09','ansa_news','Coronavirus, 7 morti e oltre 200 contagiati|Tutti gli aggiornamentiConte: Focolaio perch un ospedale non ha seguito i protocolliTonfo Borse, Milano perde il 5,4%. Bruciati 30 miliardi | MappaCosa sappiamo dei decessi in Italia | Chi sono le vittime'),(4366,'2020-02-25 21:40:34','corriere_primaPosClassifica_title','L&#8217;infettivologo Galli&#58; &#171;Ecco perch&#233; tanti casi di coronavirus in Italia&#187;'),(4367,'2020-02-25 21:40:34','corriere_primaPosClassifica_totView','2694761'),(4368,'2020-02-25 21:40:36','total_population','7730492302'),(4369,'2020-02-25 21:40:36','current_time','2020-02-25T22:40:36.649264+01:00'),(4370,'2020-02-25 21:40:36','coronaVirus_Total_confirmed','80413'),(4371,'2020-02-25 21:40:39','cicciolina_altezza','168 cm'),(4372,'2020-02-25 21:40:40','classifica_dischi_italiani','IL FANTADISCO DEI ME CONTRO TE'),(4373,'2020-02-25 21:40:40','gold_price','48.30315448850399901274059497'),(4374,'2020-02-25 21:40:41','ansa_news','Coronavirus, morti altri 4 anziani: i decessi salgono a 11 | Le vittimePm di Padova apre fascicolo: Verificare se rispettati protocolli LOms: in Cina  raggiunto picco,  ora atteso il calo|Il punto|La mappa'),(4375,'2020-02-25 22:29:37','corriere_primaPosClassifica_title','L&#8217;infettivologo Galli&#58; &#171;Ecco perch&#233; tanti casi di coronavirus in Italia&#187;'),(4376,'2020-02-25 22:29:38','corriere_primaPosClassifica_totView','2729806'),(4377,'2020-02-25 22:29:39','total_population','7730492302'),(4378,'2020-02-25 22:29:39','current_time','2020-02-25T23:29:39.795775+01:00'),(4379,'2020-02-25 22:29:40','coronaVirus_Total_confirmed','80413'),(4380,'2020-02-25 22:29:42','cicciolina_altezza','168 cm'),(4381,'2020-02-25 22:29:42','classifica_dischi_italiani','IL FANTADISCO DEI ME CONTRO TE'),(4382,'2020-02-25 22:29:43','gold_price','48.28912446533951471303040951'),(4383,'2020-02-25 22:29:44','ansa_news','Coronavirus, morti altri 4 anziani: i decessi salgono a 11 | Le vittime LOms: in Cina  raggiunto picco,  ora atteso il calo|Il punto|La mappaLe nuove regole: Avvisi il medico chi  stato in zone contagiate'),(4384,'2020-02-25 22:35:30','corriere_primaPosClassifica_title','L&#8217;infettivologo Galli&#58; &#171;Ecco perch&#233; tanti casi di coronavirus in Italia&#187;'),(4385,'2020-02-25 22:35:30','corriere_primaPosClassifica_totView','2729806'),(4386,'2020-02-25 22:35:32','total_population','7730492302'),(4387,'2020-02-25 22:35:32','current_time','2020-02-25T23:35:32.653952+01:00'),(4388,'2020-02-25 22:35:32','coronaVirus_Total_confirmed','80413'),(4389,'2020-02-25 22:35:35','cicciolina_altezza','168 cm'),(4390,'2020-02-25 22:35:35','classifica_dischi_italiani','IL FANTADISCO DEI ME CONTRO TE'),(4391,'2020-02-25 22:35:36','gold_price','48.29963695569879184696162327'),(4392,'2020-02-25 22:35:37','ansa_news','Coronavirus, morti altri 4 anziani: i decessi salgono a 11 | Le vittime LOms: in Cina  raggiunto picco,  ora atteso il calo|Il punto|La mappaLe nuove regole: Avvisi il medico chi  stato in zone contagiate'),(4393,'2020-02-25 22:46:44','corriere_primaPosClassifica_title','L&#8217;infettivologo Galli&#58; &#171;Ecco perch&#233; tanti casi di coronavirus in Italia&#187;'),(4394,'2020-02-25 22:46:44','corriere_primaPosClassifica_totView','2729806'),(4395,'2020-02-25 22:46:46','total_population','7730492302'),(4396,'2020-02-25 22:46:46','current_time','2020-02-25T23:46:46.785647+01:00'),(4397,'2020-02-25 22:46:47','coronaVirus_Total_confirmed','80413'),(4398,'2020-02-25 22:46:49','cicciolina_altezza','168 cm'),(4399,'2020-02-25 22:46:49','classifica_dischi_italiani','IL FANTADISCO DEI ME CONTRO TE'),(4400,'2020-02-25 22:46:50','gold_price','48.29963695569879184696162327'),(4401,'2020-02-25 22:46:50','ansa_news','Coronavirus, morti altri 4 anziani: i decessi salgono a 11 | Le vittime LOms: in Cina  raggiunto picco,  ora atteso il calo|Il punto|La mappaLe nuove regole: Avvisi il medico chi  stato in zone contagiate'),(4402,'2020-02-25 22:47:10','corriere_primaPosClassifica_title','L&#8217;infettivologo Galli&#58; &#171;Ecco perch&#233; tanti casi di coronavirus in Italia&#187;'),(4403,'2020-02-25 22:47:10','corriere_primaPosClassifica_totView','2729806'),(4404,'2020-02-25 22:47:11','total_population','7730492302'),(4405,'2020-02-25 22:47:12','current_time','2020-02-25T23:47:12.063206+01:00'),(4406,'2020-02-25 22:47:12','coronaVirus_Total_confirmed','80413'),(4407,'2020-02-25 22:47:14','cicciolina_altezza','168 cm'),(4408,'2020-02-25 22:47:14','classifica_dischi_italiani','IL FANTADISCO DEI ME CONTRO TE'),(4409,'2020-02-25 22:47:15','gold_price','48.29963695569879184696162327'),(4410,'2020-02-25 22:47:15','ansa_news','Coronavirus, morti altri 4 anziani: i decessi salgono a 11 | Le vittime LOms: in Cina  raggiunto picco,  ora atteso il calo|Il punto|La mappaLe nuove regole: Avvisi il medico chi  stato in zone contagiate'),(4411,'2020-02-25 22:51:35','corriere_primaPosClassifica_title','L&#8217;infettivologo Galli&#58; &#171;Ecco perch&#233; tanti casi di coronavirus in Italia&#187;'),(4412,'2020-02-25 22:51:36','corriere_primaPosClassifica_totView','2744114'),(4413,'2020-02-25 22:51:37','total_population','7730492302'),(4414,'2020-02-25 22:51:37','current_time','2020-02-25T23:51:37.678173+01:00'),(4415,'2020-02-25 22:51:37','coronaVirus_Total_confirmed','80413'),(4416,'2020-02-25 22:51:39','cicciolina_altezza','168 cm'),(4417,'2020-02-25 22:51:40','classifica_dischi_italiani','IL FANTADISCO DEI ME CONTRO TE'),(4418,'2020-02-25 22:51:41','gold_price','48.31014944605806898089283703'),(4419,'2020-02-25 22:51:41','ansa_news','Coronavirus, morti altri 4 anziani: i decessi salgono a 11 | Le vittime LOms: in Cina  raggiunto picco,  ora atteso il calo|Il punto|La mappaLe nuove regole: Avvisi il medico chi  stato in zone contagiate'),(4420,'2020-02-25 22:53:19','corriere_primaPosClassifica_title','L&#8217;infettivologo Galli&#58; &#171;Ecco perch&#233; tanti casi di coronavirus in Italia&#187;'),(4421,'2020-02-25 22:53:19','corriere_primaPosClassifica_totView','2744114'),(4422,'2020-02-25 22:53:21','total_population','7730492302'),(4423,'2020-02-25 22:53:21','current_time','2020-02-25T23:53:21.468094+01:00'),(4424,'2020-02-25 22:53:21','coronaVirus_Total_confirmed','80413'),(4425,'2020-02-25 22:53:23','cicciolina_altezza','168 cm'),(4426,'2020-02-25 22:53:24','classifica_dischi_italiani','IL FANTADISCO DEI ME CONTRO TE'),(4427,'2020-02-25 22:53:25','gold_price','48.31014944605806898089283703'),(4428,'2020-02-25 22:53:25','ansa_news','Coronavirus, morti altri 4 anziani: i decessi salgono a 11 | Le vittime LOms: in Cina  raggiunto picco,  ora atteso il calo|Il punto|La mappaLe nuove regole: Avvisi il medico chi  stato in zone contagiate'),(4429,'2020-02-25 22:57:57','corriere_primaPosClassifica_title','L&#8217;infettivologo Galli&#58; &#171;Ecco perch&#233; tanti casi di coronavirus in Italia&#187;'),(4430,'2020-02-25 22:57:57','corriere_primaPosClassifica_totView','2744114'),(4431,'2020-02-25 22:57:59','total_population','7730492302'),(4432,'2020-02-25 22:57:59','current_time','2020-02-25T23:57:59.805871+01:00'),(4433,'2020-02-25 22:57:59','coronaVirus_Total_confirmed','80413'),(4434,'2020-02-25 22:58:02','cicciolina_altezza','168 cm'),(4435,'2020-02-25 22:58:02','classifica_dischi_italiani','IL FANTADISCO DEI ME CONTRO TE'),(4436,'2020-02-25 22:58:03','gold_price','48.29963695569879184696162327'),(4437,'2020-02-25 22:58:04','ansa_news','Coronavirus, morti altri 4 anziani: i decessi salgono a 11 | Le vittime LOms: in Cina  raggiunto picco,  ora atteso il calo|Il punto|La mappaLe nuove regole: Avvisi il medico chi  stato in zone contagiate'),(4438,'2020-02-29 15:45:08','corriere_primaPosClassifica_title','Pi&#249; di 800   contagi&#44;   la met&#224; senza sintomi&#46; Tre casi nel Lazio&#46; Poste riapre nelle zone rosse'),(4439,'2020-02-29 15:45:08','corriere_primaPosClassifica_totView','454072'),(4440,'2020-02-29 15:45:09','total_population','7731364323'),(4441,'2020-02-29 15:45:09','current_time','2020-02-29T16:45:09.443957+01:00'),(4442,'2020-02-29 15:45:09','coronaVirus_Total_confirmed','85681'),(4443,'2020-02-29 15:45:10','cicciolina_altezza','168 cm'),(4444,'2020-02-29 15:45:10','classifica_dischi_italiani','DNA'),(4445,'2020-02-29 15:45:11','gold_price','46.24163334691895280337277278'),(4446,'2020-02-29 15:45:12','ansa_news',''),(4447,'2020-02-29 15:48:06','corriere_primaPosClassifica_title','Pi&#249; di 800   contagi&#44;   la met&#224; senza sintomi&#46; Tre casi nel Lazio&#46; Poste riapre nelle zone rosse'),(4448,'2020-02-29 15:48:06','corriere_primaPosClassifica_totView','454072'),(4449,'2020-02-29 15:48:07','total_population','7731364323'),(4450,'2020-02-29 15:48:07','current_time','2020-02-29T16:48:07.306301+01:00'),(4451,'2020-02-29 15:48:07','coronaVirus_Total_confirmed','85681'),(4452,'2020-02-29 15:48:07','cicciolina_altezza','168 cm'),(4453,'2020-02-29 15:48:08','classifica_dischi_italiani','DNA'),(4454,'2020-02-29 15:48:09','gold_price','46.24163334691895280337277278'),(4455,'2020-02-29 15:48:09','ansa_news',''),(4456,'2020-02-29 15:59:29','corriere_primaPosClassifica_title','Pi&#249; di 800   contagi&#44;   la met&#224; senza sintomi&#46; Tre casi nel Lazio&#46; Poste riapre nelle zone rosse'),(4457,'2020-02-29 15:59:29','corriere_primaPosClassifica_totView','455031'),(4458,'2020-02-29 15:59:30','total_population','7731364323'),(4459,'2020-02-29 15:59:30','current_time','2020-02-29T16:59:30.414324+01:00'),(4460,'2020-02-29 15:59:30','coronaVirus_Total_confirmed','85688'),(4461,'2020-02-29 15:59:31','cicciolina_altezza','168 cm'),(4462,'2020-02-29 15:59:31','classifica_dischi_italiani','DNA'),(4463,'2020-02-29 15:59:32','gold_price','46.24163334691895280337277278'),(4464,'2020-02-29 15:59:32','ansa_news','La donna di Fiumicino contagiata: Mi dispiace, ho il coronavirus'),(4465,'2020-02-29 16:28:41','corriere_primaPosClassifica_title','Pi&#249; di 800   contagi&#44;   la met&#224; senza sintomi&#46; Tre casi nel Lazio&#46; Poste riapre nelle zone rosse'),(4466,'2020-02-29 16:28:41','corriere_primaPosClassifica_totView','456014'),(4467,'2020-02-29 16:28:42','total_population','7731364323'),(4468,'2020-02-29 16:28:42','current_time','2020-02-29T17:28:42.214410+01:00'),(4469,'2020-02-29 16:28:42','coronaVirus_Total_confirmed','85688'),(4470,'2020-02-29 16:28:42','cicciolina_altezza','168 cm'),(4471,'2020-02-29 16:28:43','classifica_dischi_italiani','DNA'),(4472,'2020-02-29 16:28:44','gold_price','46.24163334691895280337277278'),(4473,'2020-02-29 16:28:49','ansa_news','La donna di Fiumicino contagiata: Mi dispiace, ho il coronavirus'),(4474,'2020-02-29 16:29:21','comment_this','ciao ciao'),(4475,'2020-02-29 16:29:37','comment_this','ciao ciao'),(4476,'2020-02-29 16:29:38','comment_this','ciao ciao'),(4477,'2020-02-29 16:29:47','corriere_primaPosClassifica_title','Pi&#249; di 800   contagi&#44;   la met&#224; senza sintomi&#46; Tre casi nel Lazio&#46; Poste riapre nelle zone rosse'),(4478,'2020-02-29 16:29:48','corriere_primaPosClassifica_totView','456014'),(4479,'2020-02-29 16:29:48','total_population','7731364323'),(4480,'2020-02-29 16:29:48','current_time','2020-02-29T17:29:48.477030+01:00'),(4481,'2020-02-29 16:29:48','coronaVirus_Total_confirmed','85688'),(4482,'2020-02-29 16:29:49','cicciolina_altezza','168 cm'),(4483,'2020-02-29 16:29:49','classifica_dischi_italiani','DNA'),(4484,'2020-02-29 16:29:50','gold_price','46.24163334691895280337277278'),(4485,'2020-02-29 16:29:50','ansa_news','La donna di Fiumicino contagiata: Mi dispiace, ho il coronavirus'),(4486,'2020-02-29 16:30:17','comment_this','ciao ciao'),(4487,'2020-02-29 16:37:48','comment_this','ciao ciao'),(4488,'2020-03-01 18:52:08','corriere_primaPosClassifica_title','Coronavirus&#44; 1&#46;128 casi in Italia&#58; ecco i numeri regione per regione'),(4489,'2020-03-01 18:52:08','corriere_primaPosClassifica_totView','664919'),(4490,'2020-03-01 18:52:08','total_population','7731582311'),(4491,'2020-03-01 18:52:09','current_time','2020-03-01T19:52:09.025876+01:00'),(4492,'2020-03-01 18:52:09','coronaVirus_Total_confirmed','87470'),(4493,'2020-03-01 18:52:09','cicciolina_altezza','168 cm'),(4494,'2020-03-01 18:52:10','classifica_dischi_italiani','DNA'),(4495,'2020-03-01 18:52:11','gold_price','46.24163334691895280337277278'),(4496,'2020-03-01 18:52:12','ansa_news','Linfettivologo Galli: Il virus  in Italia sotto traccia da settimane'),(4497,'2020-03-31 23:10:31','corriere_primaPosClassifica_title','Dovremo portare la mascherina e rispettare il metro di distanza anche dopo la fine della quarantena'),(4498,'2020-03-31 23:10:32','corriere_primaPosClassifica_totView','540252'),(4499,'2020-03-31 23:10:32','total_population','7738118709'),(4500,'2020-03-31 23:10:33','current_time','2020-04-01T01:10:33.180206+02:00'),(4501,'2020-03-31 23:10:33','coronaVirus_Total_confirmed',''),(4502,'2020-03-31 23:10:34','cicciolina_altezza','168 cm'),(4503,'2020-03-31 23:10:34','classifica_dischi_italiani','AFTERHOURS'),(4504,'2020-03-31 23:10:35','gold_price','46.00909615995083867923086978'),(4505,'2020-03-31 23:10:36','ansa_news','Gli operai del nuovo ospedale di  Milano  cantano O mia bela Madunina'),(4506,'2020-03-31 23:29:04','corriere_primaPosClassifica_title','Dovremo portare la mascherina e rispettare il metro di distanza anche dopo la fine della quarantena'),(4507,'2020-03-31 23:29:04','corriere_primaPosClassifica_totView','540252'),(4508,'2020-03-31 23:29:04','total_population','7738118709'),(4509,'2020-03-31 23:29:05','current_time','2020-04-01T01:29:04.932009+02:00'),(4510,'2020-03-31 23:29:05','coronaVirus_Total_confirmed',''),(4511,'2020-03-31 23:29:05','cicciolina_altezza','168 cm'),(4512,'2020-03-31 23:29:06','classifica_dischi_italiani','AFTERHOURS'),(4513,'2020-03-31 23:29:07','gold_price','45.97137224221827188142516595'),(4514,'2020-03-31 23:29:07','ansa_news','Gli operai del nuovo ospedale di  Milano  cantano O mia bela Madunina'),(4515,'2020-03-31 23:45:48','corriere_primaPosClassifica_title','Dovremo portare la mascherina e rispettare il metro di distanza anche dopo la fine della quarantena'),(4516,'2020-03-31 23:45:49','corriere_primaPosClassifica_totView','544403'),(4517,'2020-03-31 23:45:50','total_population','7738118709'),(4518,'2020-03-31 23:45:50','current_time','2020-04-01T01:45:50.287969+02:00'),(4519,'2020-03-31 23:45:50','coronaVirus_Total_confirmed',''),(4520,'2020-03-31 23:45:51','cicciolina_altezza','168 cm'),(4521,'2020-03-31 23:45:52','classifica_dischi_italiani','AFTERHOURS'),(4522,'2020-03-31 23:45:52','gold_price','45.97396005580958074757738980'),(4523,'2020-03-31 23:45:53','ansa_news','Gli operai del nuovo ospedale di  Milano  cantano O mia bela Madunina'),(4524,'2020-03-31 23:56:49','corriere_primaPosClassifica_title','Dovremo portare la mascherina e rispettare il metro di distanza anche dopo la fine della quarantena'),(4525,'2020-03-31 23:56:49','corriere_primaPosClassifica_totView','544403'),(4526,'2020-03-31 23:56:49','total_population','7738118709'),(4527,'2020-03-31 23:56:50','current_time','2020-04-01T01:56:50.061475+02:00'),(4528,'2020-03-31 23:56:50','coronaVirus_Total_confirmed',''),(4529,'2020-03-31 23:56:51','cicciolina_altezza','168 cm'),(4530,'2020-03-31 23:56:51','classifica_dischi_italiani','AFTERHOURS'),(4531,'2020-03-31 23:56:52','gold_price','46.03665401161840530959548548'),(4532,'2020-03-31 23:56:53','ansa_news','Gli operai del nuovo ospedale di  Milano  cantano O mia bela Madunina'),(4533,'2020-03-31 23:59:39','corriere_primaPosClassifica_title','Dovremo portare la mascherina e rispettare il metro di distanza anche dopo la fine della quarantena'),(4534,'2020-03-31 23:59:39','corriere_primaPosClassifica_title','Dovremo portare la mascherina e rispettare il metro di distanza anche dopo la fine della quarantena'),(4535,'2020-03-31 23:59:40','corriere_primaPosClassifica_totView','544403'),(4536,'2020-03-31 23:59:40','corriere_primaPosClassifica_totView','544403'),(4537,'2020-03-31 23:59:40','total_population','7738118709'),(4538,'2020-03-31 23:59:40','total_population','7738118709'),(4539,'2020-03-31 23:59:40','current_time','2020-04-01T01:59:40.601108+02:00'),(4540,'2020-03-31 23:59:40','current_time','2020-04-01T01:59:40.601861+02:00'),(4541,'2020-03-31 23:59:40','coronaVirus_Total_confirmed',''),(4542,'2020-03-31 23:59:40','coronaVirus_Total_confirmed',''),(4543,'2020-03-31 23:59:41','cicciolina_altezza','168 cm'),(4544,'2020-03-31 23:59:41','cicciolina_altezza','168 cm'),(4545,'2020-03-31 23:59:41','classifica_dischi_italiani','AFTERHOURS'),(4546,'2020-03-31 23:59:41','classifica_dischi_italiani','AFTERHOURS'),(4547,'2020-03-31 23:59:42','gold_price','46.04951431024585650180432562'),(4548,'2020-03-31 23:59:42','gold_price','46.04951431024585650180432562'),(4549,'2020-03-31 23:59:43','ansa_news','Gli operai del nuovo ospedale di  Milano  cantano O mia bela Madunina'),(4550,'2020-03-31 23:59:43','ansa_news','Gli operai del nuovo ospedale di  Milano  cantano O mia bela Madunina'),(4551,'2020-04-01 01:11:50','corriere_primaPosClassifica_title','Dovremo portare la mascherina e rispettare il metro di distanza anche dopo la fine della quarantena'),(4552,'2020-04-01 01:11:51','corriere_primaPosClassifica_totView','546471'),(4553,'2020-04-01 01:11:51','total_population','7738336484'),(4554,'2020-04-01 01:11:51','current_time','2020-04-01T03:11:51.650840+02:00'),(4555,'2020-04-01 01:11:52','coronaVirus_Total_confirmed',''),(4556,'2020-04-01 01:11:52','cicciolina_altezza','168 cm'),(4557,'2020-04-01 01:11:53','classifica_dischi_italiani','AFTERHOURS'),(4558,'2020-04-01 01:11:53','gold_price','46.10802866900075942635454825'),(4559,'2020-04-01 01:11:55','ansa_news','Gli operai del nuovo ospedale di  Milano  cantano O mia bela Madunina'),(4560,'2020-04-01 01:12:33','corriere_primaPosClassifica_title','Dovremo portare la mascherina e rispettare il metro di distanza anche dopo la fine della quarantena'),(4561,'2020-04-01 01:12:34','corriere_primaPosClassifica_totView','547067'),(4562,'2020-04-01 01:12:35','total_population','7738336484'),(4563,'2020-04-01 01:12:35','current_time','2020-04-01T03:12:35.278193+02:00'),(4564,'2020-04-01 01:12:35','coronaVirus_Total_confirmed',''),(4565,'2020-04-01 01:12:36','cicciolina_altezza','168 cm'),(4566,'2020-04-01 01:12:36','classifica_dischi_italiani','AFTERHOURS'),(4567,'2020-04-01 01:12:37','gold_price','46.10095550475566127063968617'),(4568,'2020-04-01 01:12:38','ansa_news','Gli operai del nuovo ospedale di  Milano  cantano O mia bela Madunina'),(4569,'2020-04-01 01:12:46','corriere_primaPosClassifica_title','Dovremo portare la mascherina e rispettare il metro di distanza anche dopo la fine della quarantena'),(4570,'2020-04-01 01:12:47','corriere_primaPosClassifica_totView','547067'),(4571,'2020-04-01 01:12:47','total_population','7738336484'),(4572,'2020-04-01 01:12:47','current_time','2020-04-01T03:12:47.559427+02:00'),(4573,'2020-04-01 01:12:47','coronaVirus_Total_confirmed',''),(4574,'2020-04-01 01:12:48','cicciolina_altezza','168 cm'),(4575,'2020-04-01 01:12:48','classifica_dischi_italiani','AFTERHOURS'),(4576,'2020-04-01 01:12:49','gold_price','46.10095550475566127063968617'),(4577,'2020-04-01 01:12:50','ansa_news','Gli operai del nuovo ospedale di  Milano  cantano O mia bela Madunina'),(4578,'2020-04-25 14:51:02','corriere_primaPosClassifica_title','Ci sono le date&#58; ecco quando riapriranno fabbriche&#44; bar e ristoranti'),(4579,'2020-04-25 14:51:02','corriere_primaPosClassifica_totView','142851'),(4580,'2020-04-25 14:51:02','total_population','7743561149'),(4581,'2020-04-25 14:51:03','current_time','2020-04-25T16:51:03.205870+02:00'),(4582,'2020-04-25 14:51:03','coronaVirus_Total_confirmed',''),(4583,'2020-04-25 14:51:04','cicciolina_altezza','168 cm'),(4584,'2020-04-25 14:51:04','classifica_dischi_italiani','PERSONA'),(4585,'2020-04-25 14:51:07','gold_price','51.35872655882637532020214538'),(4586,'2020-04-25 14:51:08','ansa_news','25 Aprile, la Resistenza  e le donne: la suora e la martireA. Cazzullo'),(4587,'2020-04-25 16:09:15','corriere_primaPosClassifica_title','Ci sono le date&#58; ecco quando riapriranno fabbriche&#44; bar e ristoranti'),(4588,'2020-04-25 16:09:15','corriere_primaPosClassifica_totView','143110'),(4589,'2020-04-25 16:09:16','total_population','7743561149'),(4590,'2020-04-25 16:09:16','current_time','2020-04-25T18:09:16.673116+02:00'),(4591,'2020-04-25 16:09:16','coronaVirus_Total_confirmed',''),(4592,'2020-04-25 16:09:17','cicciolina_altezza','168 cm'),(4593,'2020-04-25 16:09:19','classifica_dischi_italiani','PERSONA'),(4594,'2020-04-25 16:09:31','gold_price','51.36984557301966962098590856'),(4595,'2020-04-25 16:09:33','ansa_news','25 Aprile, la Resistenza  e le donne: la suora e la martireA. Cazzullo'),(4596,'2020-04-25 16:12:53','corriere_primaPosClassifica_title','Ci sono le date&#58; ecco quando riapriranno fabbriche&#44; bar e ristoranti'),(4597,'2020-04-25 16:12:54','corriere_primaPosClassifica_totView','143110'),(4598,'2020-04-25 16:12:54','total_population','7743561149'),(4599,'2020-04-25 16:12:54','current_time','2020-04-25T18:12:54.904443+02:00'),(4600,'2020-04-25 16:12:54','coronaVirus_Total_confirmed',''),(4601,'2020-04-25 16:12:55','cicciolina_altezza','168 cm'),(4602,'2020-04-25 16:12:56','classifica_dischi_italiani','PERSONA'),(4603,'2020-04-25 16:12:58','gold_price','51.36984557301966962098590856'),(4604,'2020-04-25 16:13:00','ansa_news','25 Aprile, la Resistenza  e le donne: la suora e la martireA. Cazzullo'),(4605,'2020-04-25 16:13:08','corriere_primaPosClassifica_title','Ci sono le date&#58; ecco quando riapriranno fabbriche&#44; bar e ristoranti'),(4606,'2020-04-25 16:13:08','corriere_primaPosClassifica_totView','143110'),(4607,'2020-04-25 16:13:08','total_population','7743561149'),(4608,'2020-04-25 16:13:09','current_time','2020-04-25T18:13:09.261862+02:00'),(4609,'2020-04-25 16:13:09','coronaVirus_Total_confirmed',''),(4610,'2020-04-25 16:13:10','cicciolina_altezza','168 cm'),(4611,'2020-04-25 16:13:10','classifica_dischi_italiani','PERSONA'),(4612,'2020-04-25 16:13:14','gold_price','51.36984557301966962098590856'),(4613,'2020-04-25 16:13:15','ansa_news','25 Aprile, la Resistenza  e le donne: la suora e la martireA. Cazzullo'),(4614,'2020-04-25 16:14:24','corriere_primaPosClassifica_title','Ci sono le date&#58; ecco quando riapriranno fabbriche&#44; bar e ristoranti'),(4615,'2020-04-25 16:14:25','corriere_primaPosClassifica_totView','143110'),(4616,'2020-04-25 16:14:25','total_population','7743561149'),(4617,'2020-04-25 16:14:26','current_time','2020-04-25T18:14:26.284277+02:00'),(4618,'2020-04-25 16:14:26','coronaVirus_Total_confirmed',''),(4619,'2020-04-25 16:14:27','cicciolina_altezza','168 cm'),(4620,'2020-04-25 16:14:28','classifica_dischi_italiani','PERSONA'),(4621,'2020-04-25 16:14:34','gold_price','51.35872655882637532020214538'),(4622,'2020-04-25 16:14:38','ansa_news','25 Aprile, la Resistenza  e le donne: la suora e la martireA. Cazzullo'),(4623,'2020-04-25 16:20:36','corriere_primaPosClassifica_title','Ci sono le date&#58; ecco quando riapriranno fabbriche&#44; bar e ristoranti'),(4624,'2020-04-25 16:20:36','corriere_primaPosClassifica_totView','143282'),(4625,'2020-04-25 16:20:37','total_population','7743561149'),(4626,'2020-04-25 16:20:37','current_time','2020-04-25T18:20:37.345640+02:00'),(4627,'2020-04-25 16:20:37','coronaVirus_Total_confirmed',''),(4628,'2020-04-25 16:20:38','cicciolina_altezza','168 cm'),(4629,'2020-04-25 16:20:38','classifica_dischi_italiani','PERSONA'),(4630,'2020-04-25 16:20:42','gold_price','51.35872655882637532020214538'),(4631,'2020-04-25 16:20:43','ansa_news','25 Aprile, la Resistenza  e le donne: la suora e la martireA. Cazzullo'),(4632,'2020-04-25 16:42:38','corriere_primaPosClassifica_title','Ci sono le date&#58; ecco quando riapriranno fabbriche&#44; bar e ristoranti'),(4633,'2020-04-25 16:42:39','corriere_primaPosClassifica_totView','143282'),(4634,'2020-04-25 16:42:39','total_population','7743561149'),(4635,'2020-04-25 16:42:39','current_time','2020-04-25T18:42:39.709054+02:00'),(4636,'2020-04-25 16:42:40','coronaVirus_Total_confirmed',''),(4637,'2020-04-25 16:42:40','cicciolina_altezza','168 cm'),(4638,'2020-04-25 16:42:41','classifica_dischi_italiani','PERSONA'),(4639,'2020-04-25 16:42:45','gold_price','51.35872655882637532020214538'),(4640,'2020-04-25 16:42:47','ansa_news','25 Aprile, la Resistenza  e le donne: la suora e la martireA. Cazzullo'),(4641,'2020-04-25 17:19:15','corriere_primaPosClassifica_title','Coronavirus&#44; decisivi i primi 10 giorni dal contagio&#46; &#171;Penalizzato chi fa sport&#187;'),(4642,'2020-04-25 17:19:15','corriere_primaPosClassifica_totView','144937'),(4643,'2020-04-25 17:19:16','total_population','7743561149'),(4644,'2020-04-25 17:19:16','current_time','2020-04-25T19:19:16.679689+02:00'),(4645,'2020-04-25 17:19:17','coronaVirus_Total_confirmed',''),(4646,'2020-04-25 17:19:17','cicciolina_altezza','168 cm'),(4647,'2020-04-25 17:19:18','classifica_dischi_italiani','PERSONA'),(4648,'2020-04-25 17:19:23','gold_price','51.35872655882637532020214538'),(4649,'2020-04-25 17:19:26','ansa_news','25 Aprile, la Resistenza  e le donne: la suora e la martireA. Cazzullo');
/*!40000 ALTER TABLE `syb_alarms_history` ENABLE KEYS */;
UNLOCK TABLES;

--
-- Table structure for table `syb_alarms_map`
--

DROP TABLE IF EXISTS `syb_alarms_map`;
/*!40101 SET @saved_cs_client     = @@character_set_client */;
/*!40101 SET character_set_client = utf8 */;
CREATE TABLE `syb_alarms_map` (
  `name` varchar(255) DEFAULT NULL,
  `locator` text,
  `url` text,
  `locatorType` varchar(255) DEFAULT NULL,
  `active` int(11) DEFAULT '0',
  UNIQUE KEY `syb_alarms_map_name_uindex` (`name`)
) ENGINE=InnoDB DEFAULT CHARSET=latin1;
/*!40101 SET character_set_client = @saved_cs_client */;

--
-- Dumping data for table `syb_alarms_map`
--

LOCK TABLES `syb_alarms_map` WRITE;
/*!40000 ALTER TABLE `syb_alarms_map` DISABLE KEYS */;
INSERT INTO `syb_alarms_map` VALUES ('corriere_primaPosClassifica_title','classifica.dettaglioClassifica.0.title','https://toprated.rcs.it/toprated/rest/request.action?site=rcscorriereproddef&dominio=www.corriere.it&tipologia=articolo&interazione=piuvisti&giorni=1&numerorisultati=10','json',1),('corriere_primaPosClassifica_totView','classifica.dettaglioClassifica.0.totViews','https://toprated.rcs.it/toprated/rest/request.action?site=rcscorriereproddef&dominio=www.corriere.it&tipologia=articolo&interazione=piuvisti&giorni=1&numerorisultati=10','json',1),('total_population','total_population.0.population','https://d6wn6bmjj722w.population.io/1.0/population/World/today-and-tomorrow/','json',1),('current_time','datetime','http://worldtimeapi.org/api/timezone/Europe/Rome.json','json',1),('coronaVirus_Total_confirmed','features.0.attributes.Total_Confirmed','https://services1.arcgis.com/0MSEUqKaxRlEPj5g/arcgis/rest/services/cases_time_v2/FeatureServer/0/query?f=json&where=1%3D1&returnGeometry=false&spatialRel=esriSpatialRelIntersects&outFields=*&orderByFields=Report_Date_String%20desc&outSR=102100&resultOffset=0&resultRecordCount=1&cacheHint=true','json',1),('comment_this','localAction','comment_this_function','',1),('cicciolina_altezza','//*[@id=\\\"mw-content-text\\\"]/div/table[1]/tbody/tr[7]/td','https://it.wikipedia.org/wiki/Ilona_Staller','html',1),('classifica_dischi_italiani','charts_details.0.title','https://ww2nhihg61.execute-api.eu-west-1.amazonaws.com/prod/api/charts/1?limit=10','json',1),('gold_price','table_data.metal_price_current','https://www.orissimo.it/dati/?period=today&xignite_code=XAU&currency=eur&weight_unit=grams','json',1),('ansa_news','//*[@id=\\\"l-main\\\"]/div/div/section[1]//h4','https://www.corriere.it','html',1);
/*!40000 ALTER TABLE `syb_alarms_map` ENABLE KEYS */;
UNLOCK TABLES;

--
-- Table structure for table `syb_gojs_diagrams`
--

DROP TABLE IF EXISTS `syb_gojs_diagrams`;
/*!40101 SET @saved_cs_client     = @@character_set_client */;
/*!40101 SET character_set_client = utf8 */;
CREATE TABLE `syb_gojs_diagrams` (
  `id` int(11) NOT NULL AUTO_INCREMENT,
  `timestamp` datetime DEFAULT CURRENT_TIMESTAMP,
  `name` text,
  `state` json DEFAULT NULL,
  PRIMARY KEY (`id`)
) ENGINE=InnoDB AUTO_INCREMENT=35 DEFAULT CHARSET=latin1;
/*!40101 SET character_set_client = @saved_cs_client */;

--
-- Dumping data for table `syb_gojs_diagrams`
--

LOCK TABLES `syb_gojs_diagrams` WRITE;
/*!40000 ALTER TABLE `syb_gojs_diagrams` DISABLE KEYS */;
INSERT INTO `syb_gojs_diagrams` VALUES (31,'2020-05-22 02:53:04','stateChartIncremental','{\"linkDataArray\": [{\"id\": 2, \"to\": 1, \"from\": 1, \"text\": \"up or timer\", \"curviness\": -20}, {\"id\": 4, \"to\": 3, \"from\": 1, \"text\": \"down\", \"curviness\": 20}, {\"id\": 6, \"to\": 1, \"from\": 3, \"text\": \"up (moved)\\nPOST\", \"curviness\": 20}, {\"id\": 8, \"to\": 3, \"from\": 3, \"text\": \"down\", \"curviness\": -20}, {\"id\": 10, \"to\": 5, \"from\": 3, \"text\": \"up (no move)\"}, {\"id\": 12, \"to\": 9, \"from\": 3, \"text\": \"timer\"}, {\"id\": 14, \"to\": 1, \"from\": 5, \"text\": \"timer\\nPOST\"}, {\"id\": 16, \"to\": 7, \"from\": 5, \"text\": \"down\"}, {\"id\": 18, \"to\": 1, \"from\": 7, \"text\": \"up\\nPOST\\n(dblclick\\nif no move)\"}, {\"id\": 20, \"to\": 7, \"from\": 7, \"text\": \"down or timer\", \"curviness\": 20}, {\"id\": 22, \"to\": 1, \"from\": 9, \"text\": \"up\\nPOST\"}, {\"id\": 24, \"to\": 9, \"from\": 9, \"text\": \"down\"}], \"nodeDataArray\": [{\"id\": 1, \"loc\": \"120 120\", \"text\": \"Initial\"}, {\"id\": 3, \"loc\": \"330 120\", \"text\": \"First down\"}, {\"id\": 5, \"loc\": \"226 376\", \"text\": \"First up\"}, {\"id\": 7, \"loc\": \"60 276\", \"text\": \"Second down\"}, {\"id\": 9, \"loc\": \"226 226\", \"text\": \"Wait\"}], \"linkKeyProperty\": \"id\", \"nodeKeyProperty\": \"id\"}'),(32,'2020-05-22 02:56:55','stateChartIncremental','{\"class\": \"go.GraphLinksModel\", \"linkDataArray\": [{\"id\": 2, \"to\": 1, \"from\": 1, \"text\": \"up or timer\", \"points\": [139.47291983087433, 120.06698729810778, 114.4729198308743, 76.76571710888585, 186.89074799438865, 76.76571710888584, 161.89074799438865, 120.06698729810778], \"curviness\": -20}, {\"id\": 4, \"to\": 3, \"from\": 1, \"text\": \"down\", \"points\": [181.0457043512864, 131.91193302799152, 230.90911188350867, 119.4813959853854, 280.45455594175434, 119.4813959853854, 330.8999961620509, 129.76210628360116], \"curviness\": 20}, {\"id\": 6, \"to\": 1, \"from\": 3, \"text\": \"up (moved) POST\", \"points\": [330.8999961620509, 149.20068568716965, 280.45455594175434, 159.4813959853854, 230.90911188350867, 159.4813959853854, 181.04570435128636, 147.05085894277929], \"curviness\": 20}, {\"id\": 8, \"to\": 3, \"from\": 3, \"text\": \"down\", \"points\": [367.38174093683136, 120.06698729810778, 342.38174093683136, 76.76571710888585, 414.7995691003457, 76.76571710888584, 389.7995691003457, 120.06698729810778], \"curviness\": -20}, {\"id\": 10, \"to\": 5, \"from\": 3, \"text\": \"up (no move)\", \"points\": [373.3774403951943, 158.9457688284692, 351.3526310891468, 237.9247604300746, 318.236858683931, 310.3004580950691, 274.5420839932679, 376.0883450882785]}, {\"id\": 12, \"to\": 9, \"from\": 3, \"text\": \"timer\", \"points\": [366.76844336162515, 158.8898091940774, 350.7064404460846, 190.7944739824985, 330.75647944651604, 211.7793063992079, 304.3744671151735, 226.22849395809047]}, {\"id\": 14, \"to\": 1, \"from\": 5, \"text\": \"timer POST\", \"points\": [249.3048591985223, 376.07342925743154, 207.2654659190904, 310.0485537907357, 175.94830085276865, 237.67513171785689, 155.8628417032714, 158.9459683779811]}, {\"id\": 16, \"to\": 7, \"from\": 5, \"text\": \"down\", \"points\": [229.4176180923302, 381.6268336610178, 198.0358204586795, 369.2033374088134, 168.0601019414301, 348.56399000523925, 136.9963997790274, 314.8305999763587]}, {\"id\": 18, \"to\": 1, \"from\": 7, \"text\": \"up POST (dblclick if no move)\", \"points\": [117.95530565170598, 276.0009827838508, 115.30693755341493, 233.82372064256236, 123.18660580417024, 194.8047221125241, 141.02571110573177, 158.91054307456417]}, {\"id\": 20, \"to\": 7, \"from\": 7, \"text\": \"down or timer\", \"points\": [130.38742157837302, 314.895804672663, 155.38742157837302, 358.19707486188497, 82.96959341485875, 358.19707486188497, 107.96959341485874, 314.895804672663], \"curviness\": 20}, {\"id\": 22, \"to\": 1, \"from\": 9, \"text\": \"up POST\", \"points\": [234.87761546745605, 227.32522580635185, 206.08482211085524, 212.7947031087498, 182.6258807100697, 191.38352732731911, 162.08373579367833, 158.8939262494916]}, {\"id\": 24, \"to\": 9, \"from\": 9, \"text\": \"Valeria\", \"points\": [285.8103036584512, 264.8958046726631, 306.8103036584512, 301.2688716316095, 242.3924754949369, 301.2688716316095, 263.3924754949369, 264.8958046726631]}], \"nodeDataArray\": [{\"id\": 1, \"loc\": \"120 120\", \"text\": \"Initial\"}, {\"id\": 3, \"loc\": \"330 120\", \"text\": \"First down\"}, {\"id\": 5, \"loc\": \"226 376\", \"text\": \"valerio\"}, {\"id\": 7, \"loc\": \"60 276\", \"text\": \"Second down\"}, {\"id\": 9, \"loc\": \"226 226\", \"text\": \"Dimissioni\"}], \"linkKeyProperty\": \"id\", \"nodeKeyProperty\": \"id\"}'),(33,'2020-05-22 03:07:02','stateChartIncremental','{\"class\": \"go.GraphLinksModel\", \"linkDataArray\": [], \"nodeDataArray\": [{\"id\": 3, \"loc\": \"330 120\", \"text\": \"First down\"}], \"linkKeyProperty\": \"id\", \"nodeKeyProperty\": \"id\"}'),(34,'2020-05-22 03:22:08','stateChartIncremental','{\"class\": \"go.GraphLinksModel\", \"linkDataArray\": [{\"id\": 2, \"to\": 5, \"from\": 3, \"text\": \"transition\", \"points\": [426.4121838550533, 130.24760807819854, 461.4542066914515, 123.4813959853854, 495.7271033457258, 123.4813959853854, 530.1204734290718, 132.64219638836764]}], \"nodeDataArray\": [{\"id\": 3, \"loc\": \"330 120\", \"text\": \"First down\"}, {\"id\": 5, \"loc\": \"530.0000000000002 120.00000000000001\", \"text\": \"aaaa\"}], \"linkKeyProperty\": \"id\", \"nodeKeyProperty\": \"id\"}');
/*!40000 ALTER TABLE `syb_gojs_diagrams` ENABLE KEYS */;
UNLOCK TABLES;

--
-- Table structure for table `syb_log`
--

DROP TABLE IF EXISTS `syb_log`;
/*!40101 SET @saved_cs_client     = @@character_set_client */;
/*!40101 SET character_set_client = utf8 */;
CREATE TABLE `syb_log` (
  `id` int(11) NOT NULL AUTO_INCREMENT,
  `timestamp` datetime DEFAULT CURRENT_TIMESTAMP,
  `request` text,
  `response` text,
  PRIMARY KEY (`id`)
) ENGINE=InnoDB AUTO_INCREMENT=629 DEFAULT CHARSET=latin1;
/*!40101 SET character_set_client = @saved_cs_client */;

--
-- Dumping data for table `syb_log`
--

LOCK TABLES `syb_log` WRITE;
/*!40000 ALTER TABLE `syb_log` DISABLE KEYS */;
INSERT INTO `syb_log` VALUES (522,'2020-02-08 00:08:54','[{\"name\":\"login\",\"parameters\":{\"email\":\"ciccio\",\"password\":\"pass\",\"authenticationCode\":\"1976\"}},{\"name\":\"alarms\",\"parameters\":{\"email\":\"ciccio\",\"password\":\"pass\"}},{\"name\":\"log\",\"parameters\":{\"email\":\"ciccio\",\"password\":\"pass\"}}]','{\"response\":[{\"from\":\"sql\",\"query\":\"INSERT INTO syb_alarms (data) VALUES (xxxxxxxxxxxxxxxxxxxxxxxxx);\",\"values\":false},{\"from\":\"alarms\",\"values\":{\"message\":\"sys_alarm action performed\"}},{\"from\":\"log\",\"values\":{\"message\":\"logged action performed\"}}]}'),(523,'2020-02-08 00:09:10','[{\"name\":\"login\",\"parameters\":{\"email\":\"ciccio\",\"password\":\"pass\",\"authenticationCode\":\"1976\"}},{\"name\":\"alarms\",\"parameters\":{\"email\":\"ciccio\",\"password\":\"pass\"}},{\"name\":\"log\",\"parameters\":{\"email\":\"ciccio\",\"password\":\"pass\"}}]','{\"response\":[{\"from\":\"sql\",\"query\":\"INSERT INTO syb_alarms (data) VALUES (xxxxxxxxxxxxxxxxxxxxxxxxx);\",\"values\":false},{\"from\":\"alarms\",\"values\":{\"message\":\"sys_alarm action performed\"}},{\"from\":\"log\",\"values\":{\"message\":\"logged action performed\"}}]}'),(524,'2020-02-08 00:11:19','[{\"name\":\"login\",\"parameters\":{\"authenticationCode\":\"1976\"}},{\"name\":\"log\"}]','{\"response\":[{\"from\":\"log\",\"values\":{\"message\":\"logged action performed\"}}]}'),(525,'2020-02-08 00:11:20','[{\"name\":\"login\",\"parameters\":{\"authenticationCode\":\"1976\"}},{\"name\":\"test\"},{\"name\":\"log\"}]','{\"response\":[{\"from\":\"test\",\"values\":{\"testActionStatus\":\"true\"}},{\"from\":\"log\",\"values\":{\"message\":\"logged action performed\"}}]}'),(526,'2020-02-08 15:02:05','[{\"name\":\"login\",\"parameters\":{\"email\":\"ciccio\",\"password\":\"pass\",\"authenticationCode\":\"1976\"}},{\"name\":\"test\",\"parameters\":{\"email\":\"ciccio\",\"password\":\"pass\"}},{\"name\":\"log\",\"parameters\":{\"email\":\"ciccio\",\"password\":\"pass\"}}]','{\"response\":[{\"from\":\"test\",\"values\":{\"testActionStatus\":\"true\"}},{\"from\":\"log\",\"values\":{\"message\":\"logged action performed\"}}]}'),(527,'2020-02-08 15:11:38','[{\"name\":\"login\",\"parameters\":{\"email\":\"ciccio\",\"password\":\"pass\",\"authenticationCode\":\"1976\"}},{\"name\":\"test\",\"parameters\":{\"email\":\"ciccio\",\"password\":\"pass\"}},{\"name\":\"log\",\"parameters\":{\"email\":\"ciccio\",\"password\":\"pass\"}}]','{\"response\":[{\"from\":\"test\",\"values\":{\"testActionStatus\":\"true\"}},{\"from\":\"log\",\"values\":{\"message\":\"logged action performed\"}}]}'),(528,'2020-02-08 15:13:10','[{\"name\":\"login\",\"parameters\":{\"email\":\"ciccio\",\"password\":\"pass\",\"authenticationCode\":\"1976\"}},{\"name\":\"test\",\"parameters\":{\"email\":\"ciccio\",\"password\":\"pass\"}},{\"name\":\"log\",\"parameters\":{\"email\":\"ciccio\",\"password\":\"pass\"}}]','{\"response\":[{\"from\":\"test\",\"values\":{\"testActionStatus\":\"true\"}},{\"from\":\"log\",\"values\":{\"message\":\"logged action performed\"}}]}'),(529,'2020-02-08 15:13:11','[{\"name\":\"login\",\"parameters\":{\"email\":\"ciccio\",\"password\":\"pass\",\"authenticationCode\":\"1976\"}},{\"name\":\"test\",\"parameters\":{\"email\":\"ciccio\",\"password\":\"pass\"}},{\"name\":\"log\",\"parameters\":{\"email\":\"ciccio\",\"password\":\"pass\"}}]','{\"response\":[{\"from\":\"test\",\"values\":{\"testActionStatus\":\"true\"}},{\"from\":\"log\",\"values\":{\"message\":\"logged action performed\"}}]}'),(530,'2020-02-08 15:13:12','[{\"name\":\"login\",\"parameters\":{\"email\":\"ciccio\",\"password\":\"pass\",\"authenticationCode\":\"1976\"}},{\"name\":\"test\",\"parameters\":{\"email\":\"ciccio\",\"password\":\"pass\"}},{\"name\":\"log\",\"parameters\":{\"email\":\"ciccio\",\"password\":\"pass\"}}]','{\"response\":[{\"from\":\"test\",\"values\":{\"testActionStatus\":\"true\"}},{\"from\":\"log\",\"values\":{\"message\":\"logged action performed\"}}]}'),(531,'2020-02-08 15:13:45','[{\"name\":\"login\",\"parameters\":{\"email\":\"ciccio\",\"password\":\"pass\",\"authenticationCode\":\"1976\"}},{\"name\":\"alarms\",\"parameters\":{\"email\":\"ciccio\",\"password\":\"pass\"}},{\"name\":\"log\",\"parameters\":{\"email\":\"ciccio\",\"password\":\"pass\"}}]','{\"response\":[{\"from\":\"sql\",\"query\":\"INSERT INTO syb_alarms_history (key,value) VALUES (testKey,testValue);\",\"values\":false},{\"from\":\"log\",\"values\":{\"message\":\"logged action performed\"}}]}'),(532,'2020-02-08 15:54:20','[{\"name\":\"login\",\"parameters\":{\"authenticationCode\":\"1976\"}},{\"name\":\"log\"}]','{\"response\":[{\"from\":\"log\",\"values\":{\"message\":\"logged action performed\"}}]}'),(533,'2020-02-08 15:54:20','[{\"name\":\"login\",\"parameters\":{\"authenticationCode\":\"1976\"}},{\"name\":\"test\"},{\"name\":\"log\"}]','{\"response\":[{\"from\":\"test\",\"values\":{\"testActionStatus\":\"true\"}},{\"from\":\"log\",\"values\":{\"message\":\"logged action performed\"}}]}'),(534,'2020-02-08 16:51:15','[{\"name\":\"login\",\"parameters\":{\"authenticationCode\":\"1976\"}},{\"name\":\"log\"}]','{\"response\":[{\"from\":\"log\",\"values\":{\"message\":\"logged action performed\"}}]}'),(535,'2020-02-08 16:51:16','[{\"name\":\"login\",\"parameters\":{\"authenticationCode\":\"1976\"}},{\"name\":\"test\"},{\"name\":\"log\"}]','{\"response\":[{\"from\":\"test\",\"values\":{\"testActionStatus\":\"true\"}},{\"from\":\"log\",\"values\":{\"message\":\"logged action performed\"}}]}'),(536,'2020-02-08 19:52:35','[{\"name\":\"login\",\"parameters\":{\"authenticationCode\":\"1976\"}},{\"name\":\"log\"}]','{\"response\":[{\"from\":\"log\",\"values\":{\"message\":\"logged action performed\"}}]}'),(537,'2020-02-08 19:52:36','[{\"name\":\"login\",\"parameters\":{\"authenticationCode\":\"1976\"}},{\"name\":\"test\"},{\"name\":\"log\"}]','{\"response\":[{\"from\":\"test\",\"values\":{\"testActionStatus\":\"true\"}},{\"from\":\"log\",\"values\":{\"message\":\"logged action performed\"}}]}'),(538,'2020-02-08 21:27:57','[{\"name\":\"login\",\"parameters\":{\"authenticationCode\":\"1976\"}},{\"name\":\"log\"}]','{\"response\":[{\"from\":\"log\",\"values\":{\"message\":\"logged action performed\"}}]}'),(539,'2020-02-08 21:27:58','[{\"name\":\"login\",\"parameters\":{\"authenticationCode\":\"1976\"}},{\"name\":\"test\"},{\"name\":\"log\"}]','{\"response\":[{\"from\":\"test\",\"values\":{\"testActionStatus\":\"true\"}},{\"from\":\"log\",\"values\":{\"message\":\"logged action performed\"}}]}'),(540,'2020-02-09 14:48:48','[{\"name\":\"login\",\"parameters\":{\"email\":\"ciccio\",\"password\":\"pass\",\"authenticationCode\":\"1976\"}},{\"name\":\"test\",\"parameters\":{\"email\":\"ciccio\",\"password\":\"pass\"}},{\"name\":\"log\",\"parameters\":{\"email\":\"ciccio\",\"password\":\"pass\"}}]','{\"response\":[{\"from\":\"test\",\"values\":{\"testActionStatus\":\"true\"}},{\"from\":\"log\",\"values\":{\"message\":\"logged action performed\"}}]}'),(541,'2020-02-09 17:40:01','[{\"name\":\"login\",\"parameters\":{\"email\":\"ciccio\",\"password\":\"pass\",\"authenticationCode\":\"1976\"}},{\"name\":\"test\",\"parameters\":{\"email\":\"ciccio\",\"password\":\"pass\"}},{\"name\":\"log\",\"parameters\":{\"email\":\"ciccio\",\"password\":\"pass\"}}]','{\"response\":[{\"from\":\"test\",\"values\":{\"testActionStatus\":\"true\"}},{\"from\":\"log\",\"values\":{\"message\":\"logged action performed\"}}]}'),(542,'2020-02-09 17:40:25','[{\"name\":\"login\",\"parameters\":{\"email\":\"ciccio\",\"password\":\"pass\",\"authenticationCode\":\"1976\"}},{\"name\":\"test\",\"parameters\":{\"email\":\"ciccio\",\"password\":\"pass\"}},{\"name\":\"log\",\"parameters\":{\"email\":\"ciccio\",\"password\":\"pass\"}}]','{\"response\":[{\"from\":\"test\",\"values\":{\"testActionStatus\":\"true\"}},{\"from\":\"log\",\"values\":{\"message\":\"logged action performed\"}}]}'),(543,'2020-02-09 19:47:33','[{\"name\":\"login\",\"parameters\":{\"email\":\"ciccio\",\"password\":\"pass\",\"authenticationCode\":\"1976\"}},{\"name\":\"test\",\"parameters\":{\"email\":\"ciccio\",\"password\":\"pass\"}},{\"name\":\"log\",\"parameters\":{\"email\":\"ciccio\",\"password\":\"pass\"}}]','{\"response\":[{\"from\":\"test\",\"values\":{\"testActionStatus\":\"true\"}},{\"from\":\"log\",\"values\":{\"message\":\"logged action performed\"}}]}'),(544,'2020-02-09 19:52:50','[{\"name\":\"login\",\"parameters\":{\"email\":\"ciccio\",\"password\":\"pass\",\"authenticationCode\":\"1976\"}},{\"name\":\"test\",\"parameters\":{\"email\":\"ciccio\",\"password\":\"pass\"}},{\"name\":\"log\",\"parameters\":{\"email\":\"ciccio\",\"password\":\"pass\"}}]','{\"response\":[{\"from\":\"test\",\"values\":{\"testActionStatus\":\"true\"}},{\"from\":\"log\",\"values\":{\"message\":\"logged action performed\"}}]}'),(545,'2020-02-09 19:54:52','[{\"name\":\"login\",\"parameters\":{\"email\":\"ciccio\",\"password\":\"pass\",\"authenticationCode\":\"1976\"}},{\"name\":\"test\",\"parameters\":{\"email\":\"ciccio\",\"password\":\"pass\"}},{\"name\":\"log\",\"parameters\":{\"email\":\"ciccio\",\"password\":\"pass\"}}]','{\"response\":[{\"from\":\"test\",\"values\":{\"testActionStatus\":\"true\"}},{\"from\":\"log\",\"values\":{\"message\":\"logged action performed\"}}]}'),(546,'2020-02-09 19:57:57','[{\"name\":\"login\",\"parameters\":{\"authenticationCode\":\"1976\"}},{\"name\":\"log\"}]','{\"response\":[{\"from\":\"log\",\"values\":{\"message\":\"logged action performed\"}}]}'),(547,'2020-02-09 19:57:57','[{\"name\":\"login\",\"parameters\":{\"authenticationCode\":\"1976\"}},{\"name\":\"test\"},{\"name\":\"log\"}]','{\"response\":[{\"from\":\"test\",\"values\":{\"testActionStatus\":\"true\"}},{\"from\":\"log\",\"values\":{\"message\":\"logged action performed\"}}]}'),(548,'2020-02-10 20:53:18','[{\"name\":\"login\",\"parameters\":{\"email\":\"ciccio\",\"password\":\"pass\",\"authenticationCode\":\"1976\"}},{\"name\":\"test\",\"parameters\":{\"email\":\"ciccio\",\"password\":\"pass\"}},{\"name\":\"log\",\"parameters\":{\"email\":\"ciccio\",\"password\":\"pass\"}}]','{\"response\":[{\"from\":\"test\",\"values\":{\"testActionStatus\":\"true\"}},{\"from\":\"log\",\"values\":{\"message\":\"logged action performed\"}}]}'),(549,'2020-02-12 01:40:49','[{\"name\":\"login\",\"parameters\":{\"email\":\"ciccio\",\"password\":\"pass\",\"authenticationCode\":\"1976\"}},{\"name\":\"test\",\"parameters\":{\"email\":\"ciccio\",\"password\":\"pass\"}},{\"name\":\"log\",\"parameters\":{\"email\":\"ciccio\",\"password\":\"pass\"}}]','{\"response\":[{\"from\":\"test\",\"values\":{\"testActionStatus\":\"true\"}},{\"from\":\"log\",\"values\":{\"message\":\"logged action performed\"}}]}'),(550,'2020-02-13 22:06:00','[{\"name\":\"login\",\"parameters\":{\"email\":\"ciccio\",\"password\":\"pass\",\"authenticationCode\":\"1976\"}},{\"name\":\"test\",\"parameters\":{\"email\":\"ciccio\",\"password\":\"pass\"}},{\"name\":\"log\",\"parameters\":{\"email\":\"ciccio\",\"password\":\"pass\"}}]','{\"response\":[{\"from\":\"test\",\"values\":{\"testActionStatus\":\"true\"}},{\"from\":\"log\",\"values\":{\"message\":\"logged action performed\"}}]}'),(551,'2020-02-13 22:19:09','[{\"name\":\"login\",\"parameters\":{\"email\":\"ciccio\",\"password\":\"pass\",\"authenticationCode\":\"1976\"}},{\"name\":\"test\",\"parameters\":{\"email\":\"ciccio\",\"password\":\"pass\"}},{\"name\":\"log\",\"parameters\":{\"email\":\"ciccio\",\"password\":\"pass\"}}]','{\"response\":[{\"from\":\"test\",\"values\":{\"testActionStatus\":\"true\"}},{\"from\":\"log\",\"values\":{\"message\":\"logged action performed\"}}]}'),(552,'2020-02-15 14:52:34','[{\"name\":\"login\",\"parameters\":{\"email\":\"ciccio\",\"password\":\"pass\",\"authenticationCode\":\"1976\"}},{\"name\":\"test\",\"parameters\":{\"email\":\"ciccio\",\"password\":\"pass\"}},{\"name\":\"log\",\"parameters\":{\"email\":\"ciccio\",\"password\":\"pass\"}}]','{\"response\":[{\"from\":\"test\",\"values\":{\"testActionStatus\":\"true\"}},{\"from\":\"log\",\"values\":{\"message\":\"logged action performed\"}}]}'),(553,'2020-02-15 15:32:30','[{\"name\":\"login\",\"parameters\":{\"email\":\"ciccio\",\"password\":\"pass\",\"authenticationCode\":\"1976\"}},{\"name\":\"test\",\"parameters\":{\"email\":\"ciccio\",\"password\":\"pass\"}},{\"name\":\"log\",\"parameters\":{\"email\":\"ciccio\",\"password\":\"pass\"}}]','{\"response\":[{\"from\":\"test\",\"values\":{\"testActionStatus\":\"true\"}},{\"from\":\"log\",\"values\":{\"message\":\"logged action performed\"}}]}'),(554,'2020-02-17 23:33:39','[{\"name\":\"login\",\"parameters\":{\"email\":\"ciccio\",\"password\":\"pass\",\"authenticationCode\":\"1976\"}},{\"name\":\"test\",\"parameters\":{\"email\":\"ciccio\",\"password\":\"pass\"}},{\"name\":\"log\",\"parameters\":{\"email\":\"ciccio\",\"password\":\"pass\"}}]','{\"response\":[{\"from\":\"test\",\"values\":{\"testActionStatus\":\"true\"}},{\"from\":\"log\",\"values\":{\"message\":\"logged action performed\"}}]}'),(555,'2020-02-19 01:56:15','[{\"name\":\"login\",\"parameters\":{\"email\":\"ciccio\",\"password\":\"pass\",\"authenticationCode\":\"1976\"}},{\"name\":\"test\",\"parameters\":{\"email\":\"ciccio\",\"password\":\"pass\"}},{\"name\":\"log\",\"parameters\":{\"email\":\"ciccio\",\"password\":\"pass\"}}]','{\"response\":[{\"from\":\"test\",\"values\":{\"testActionStatus\":\"true\"}},{\"from\":\"log\",\"values\":{\"message\":\"logged action performed\"}}]}'),(556,'2020-02-19 21:05:29','[{\"name\":\"login\",\"parameters\":{\"email\":\"ciccio\",\"password\":\"pass\",\"authenticationCode\":\"1976\"}},{\"name\":\"test\",\"parameters\":{\"email\":\"ciccio\",\"password\":\"pass\"}},{\"name\":\"log\",\"parameters\":{\"email\":\"ciccio\",\"password\":\"pass\"}}]','{\"response\":[{\"from\":\"test\",\"values\":{\"testActionStatus\":\"true\"}},{\"from\":\"log\",\"values\":{\"message\":\"logged action performed\"}}]}'),(557,'2020-02-19 21:53:58','[{\"name\":\"login\",\"parameters\":{\"email\":\"ciccio\",\"password\":\"pass\",\"authenticationCode\":\"1976\"}},{\"name\":\"test\",\"parameters\":{\"email\":\"ciccio\",\"password\":\"pass\"}},{\"name\":\"log\",\"parameters\":{\"email\":\"ciccio\",\"password\":\"pass\"}}]','{\"response\":[{\"from\":\"test\",\"values\":{\"testActionStatus\":\"true\"}},{\"from\":\"log\",\"values\":{\"message\":\"logged action performed\"}}]}'),(558,'2020-02-19 22:05:46','[{\"name\":\"login\",\"parameters\":{\"authenticationCode\":\"1976\"}},{\"name\":\"log\"}]','{\"response\":[{\"from\":\"log\",\"values\":{\"message\":\"logged action performed\"}}]}'),(559,'2020-02-19 22:05:46','[{\"name\":\"login\",\"parameters\":{\"authenticationCode\":\"1976\"}},{\"name\":\"test\"},{\"name\":\"log\"}]','{\"response\":[{\"from\":\"test\",\"values\":{\"testActionStatus\":\"true\"}},{\"from\":\"log\",\"values\":{\"message\":\"logged action performed\"}}]}'),(560,'2020-02-19 22:27:48','[{\"name\":\"login\",\"parameters\":{\"email\":\"ciccio\",\"password\":\"pass\",\"authenticationCode\":\"1976\"}},{\"name\":\"test\",\"parameters\":{\"email\":\"ciccio\",\"password\":\"pass\"}},{\"name\":\"log\",\"parameters\":{\"email\":\"ciccio\",\"password\":\"pass\"}}]','{\"response\":[{\"from\":\"test\",\"values\":{\"testActionStatus\":\"true\"}},{\"from\":\"log\",\"values\":{\"message\":\"logged action performed\"}}]}'),(561,'2020-02-19 23:20:12','[{\"name\":\"login\",\"parameters\":{\"authenticationCode\":\"1976\"}},{\"name\":\"log\"}]','{\"response\":[{\"from\":\"log\",\"values\":{\"message\":\"logged action performed\"}}]}'),(562,'2020-02-19 23:20:12','[{\"name\":\"login\",\"parameters\":{\"authenticationCode\":\"1976\"}},{\"name\":\"test\"},{\"name\":\"log\"}]','{\"response\":[{\"from\":\"test\",\"values\":{\"testActionStatus\":\"true\"}},{\"from\":\"log\",\"values\":{\"message\":\"logged action performed\"}}]}'),(563,'2020-02-19 23:28:01','[{\"name\":\"login\",\"parameters\":{\"email\":\"ciccio\",\"password\":\"pass\",\"authenticationCode\":\"1976\"}},{\"name\":\"test\",\"parameters\":{\"email\":\"ciccio\",\"password\":\"pass\"}},{\"name\":\"log\",\"parameters\":{\"email\":\"ciccio\",\"password\":\"pass\"}}]','{\"response\":[{\"from\":\"test\",\"values\":{\"testActionStatus\":\"true\"}},{\"from\":\"log\",\"values\":{\"message\":\"logged action performed\"}}]}'),(564,'2020-02-19 23:53:06','[{\"name\":\"login\",\"parameters\":{\"authenticationCode\":\"1976\"}},{\"name\":\"log\"}]','{\"response\":[{\"from\":\"log\",\"values\":{\"message\":\"logged action performed\"}}]}'),(565,'2020-02-19 23:53:06','[{\"name\":\"login\",\"parameters\":{\"authenticationCode\":\"1976\"}},{\"name\":\"test\"},{\"name\":\"log\"}]','{\"response\":[{\"from\":\"test\",\"values\":{\"testActionStatus\":\"true\"}},{\"from\":\"log\",\"values\":{\"message\":\"logged action performed\"}}]}'),(566,'2020-02-20 00:04:26','[{\"name\":\"login\",\"parameters\":{\"email\":\"ciccio\",\"password\":\"pass\",\"authenticationCode\":\"1976\"}},{\"name\":\"test\",\"parameters\":{\"email\":\"ciccio\",\"password\":\"pass\"}},{\"name\":\"log\",\"parameters\":{\"email\":\"ciccio\",\"password\":\"pass\"}}]','{\"response\":[{\"from\":\"test\",\"values\":{\"testActionStatus\":\"true\"}},{\"from\":\"log\",\"values\":{\"message\":\"logged action performed\"}}]}'),(567,'2020-02-20 00:13:06','[{\"name\":\"login\",\"parameters\":{\"authenticationCode\":\"1976\"}},{\"name\":\"log\"}]','{\"response\":[{\"from\":\"log\",\"values\":{\"message\":\"logged action performed\"}}]}'),(568,'2020-02-20 00:13:06','[{\"name\":\"login\",\"parameters\":{\"authenticationCode\":\"1976\"}},{\"name\":\"test\"},{\"name\":\"log\"}]','{\"response\":[{\"from\":\"test\",\"values\":{\"testActionStatus\":\"true\"}},{\"from\":\"log\",\"values\":{\"message\":\"logged action performed\"}}]}'),(569,'2020-02-20 00:49:50','[{\"name\":\"login\",\"parameters\":{\"email\":\"ciccio\",\"password\":\"pass\",\"authenticationCode\":\"1976\"}},{\"name\":\"test\",\"parameters\":{\"email\":\"ciccio\",\"password\":\"pass\"}},{\"name\":\"log\",\"parameters\":{\"email\":\"ciccio\",\"password\":\"pass\"}}]','{\"response\":[{\"from\":\"test\",\"values\":{\"testActionStatus\":\"true\"}},{\"from\":\"log\",\"values\":{\"message\":\"logged action performed\"}}]}'),(570,'2020-02-21 18:31:49','[{\"name\":\"login\",\"parameters\":{\"email\":\"ciccio\",\"password\":\"pass\",\"authenticationCode\":\"1976\"}},{\"name\":\"test\",\"parameters\":{\"email\":\"ciccio\",\"password\":\"pass\"}},{\"name\":\"log\",\"parameters\":{\"email\":\"ciccio\",\"password\":\"pass\"}}]','{\"response\":[{\"from\":\"test\",\"values\":{\"testActionStatus\":\"true\"}},{\"from\":\"log\",\"values\":{\"message\":\"logged action performed\"}}]}'),(571,'2020-02-21 18:31:51','[{\"name\":\"login\",\"parameters\":{\"email\":\"ciccio\",\"password\":\"pass\",\"authenticationCode\":\"1976\"}},{\"name\":\"test\",\"parameters\":{\"email\":\"ciccio\",\"password\":\"pass\"}},{\"name\":\"log\",\"parameters\":{\"email\":\"ciccio\",\"password\":\"pass\"}}]','{\"response\":[{\"from\":\"test\",\"values\":{\"testActionStatus\":\"true\"}},{\"from\":\"log\",\"values\":{\"message\":\"logged action performed\"}}]}'),(572,'2020-02-21 18:31:53','[{\"name\":\"login\",\"parameters\":{\"email\":\"ciccio\",\"password\":\"pass\",\"authenticationCode\":\"1976\"}},{\"name\":\"test\",\"parameters\":{\"email\":\"ciccio\",\"password\":\"pass\"}},{\"name\":\"log\",\"parameters\":{\"email\":\"ciccio\",\"password\":\"pass\"}}]','{\"response\":[{\"from\":\"test\",\"values\":{\"testActionStatus\":\"true\"}},{\"from\":\"log\",\"values\":{\"message\":\"logged action performed\"}}]}'),(573,'2020-02-21 18:31:54','[{\"name\":\"login\",\"parameters\":{\"email\":\"ciccio\",\"password\":\"pass\",\"authenticationCode\":\"1976\"}},{\"name\":\"test\",\"parameters\":{\"email\":\"ciccio\",\"password\":\"pass\"}},{\"name\":\"log\",\"parameters\":{\"email\":\"ciccio\",\"password\":\"pass\"}}]','{\"response\":[{\"from\":\"test\",\"values\":{\"testActionStatus\":\"true\"}},{\"from\":\"log\",\"values\":{\"message\":\"logged action performed\"}}]}'),(574,'2020-02-21 19:56:21','[{\"name\":\"login\",\"parameters\":{\"email\":\"ciccio\",\"password\":\"pass\",\"authenticationCode\":\"1976\"}},{\"name\":\"test\",\"parameters\":{\"email\":\"ciccio\",\"password\":\"pass\"}},{\"name\":\"log\",\"parameters\":{\"email\":\"ciccio\",\"password\":\"pass\"}}]','{\"response\":[{\"from\":\"test\",\"values\":{\"testActionStatus\":\"true\"}},{\"from\":\"log\",\"values\":{\"message\":\"logged action performed\"}}]}'),(575,'2020-02-21 20:21:08','[{\"name\":\"login\",\"parameters\":{\"email\":\"ciccio\",\"password\":\"pass\",\"authenticationCode\":\"1976\"}},{\"name\":\"test\",\"parameters\":{\"email\":\"ciccio\",\"password\":\"pass\"}},{\"name\":\"log\",\"parameters\":{\"email\":\"ciccio\",\"password\":\"pass\"}}]','{\"response\":[{\"from\":\"test\",\"values\":{\"testActionStatus\":\"true\"}},{\"from\":\"log\",\"values\":{\"message\":\"logged action performed\"}}]}'),(576,'2020-02-21 20:44:31','[{\"name\":\"login\",\"parameters\":{\"email\":\"ciccio\",\"password\":\"pass\",\"authenticationCode\":\"1976\"}},{\"name\":\"test\",\"parameters\":{\"email\":\"ciccio\",\"password\":\"pass\"}},{\"name\":\"log\",\"parameters\":{\"email\":\"ciccio\",\"password\":\"pass\"}}]','{\"response\":[{\"from\":\"test\",\"values\":{\"testActionStatus\":\"true\"}},{\"from\":\"log\",\"values\":{\"message\":\"logged action performed\"}}]}'),(577,'2020-02-21 20:45:47','[{\"name\":\"login\",\"parameters\":{\"email\":\"ciccio\",\"password\":\"pass\",\"authenticationCode\":\"1976\"}},{\"name\":\"test\",\"parameters\":{\"email\":\"ciccio\",\"password\":\"pass\"}},{\"name\":\"log\",\"parameters\":{\"email\":\"ciccio\",\"password\":\"pass\"}}]','{\"response\":[{\"from\":\"test\",\"values\":{\"testActionStatus\":\"true\"}},{\"from\":\"log\",\"values\":{\"message\":\"logged action performed\"}}]}'),(578,'2020-02-21 20:45:49','[{\"name\":\"login\",\"parameters\":{\"email\":\"ciccio\",\"password\":\"pass\",\"authenticationCode\":\"1976\"}},{\"name\":\"test\",\"parameters\":{\"email\":\"ciccio\",\"password\":\"pass\"}},{\"name\":\"log\",\"parameters\":{\"email\":\"ciccio\",\"password\":\"pass\"}}]','{\"response\":[{\"from\":\"test\",\"values\":{\"testActionStatus\":\"true\"}},{\"from\":\"log\",\"values\":{\"message\":\"logged action performed\"}}]}'),(579,'2020-02-21 20:45:50','[{\"name\":\"login\",\"parameters\":{\"email\":\"ciccio\",\"password\":\"pass\",\"authenticationCode\":\"1976\"}},{\"name\":\"test\",\"parameters\":{\"email\":\"ciccio\",\"password\":\"pass\"}},{\"name\":\"log\",\"parameters\":{\"email\":\"ciccio\",\"password\":\"pass\"}}]','{\"response\":[{\"from\":\"test\",\"values\":{\"testActionStatus\":\"true\"}},{\"from\":\"log\",\"values\":{\"message\":\"logged action performed\"}}]}'),(580,'2020-02-21 21:12:16','[{\"name\":\"login\",\"parameters\":{\"email\":\"ciccio\",\"password\":\"pass\",\"authenticationCode\":\"1976\"}},{\"name\":\"log\",\"parameters\":{\"email\":\"ciccio\",\"password\":\"pass\"}}]','{\"response\":[{\"from\":\"log\",\"values\":{\"message\":\"logged action performed\"}}]}'),(581,'2020-02-21 21:43:06','[{\"name\":\"login\",\"parameters\":{\"email\":\"ciccio\",\"password\":\"pass\",\"authenticationCode\":\"1976\"}},{\"name\":\"test\",\"parameters\":{\"email\":\"ciccio\",\"password\":\"pass\"}},{\"name\":\"log\",\"parameters\":{\"email\":\"ciccio\",\"password\":\"pass\"}}]','{\"response\":[{\"from\":\"test\",\"values\":{\"testActionStatus\":\"true\"}},{\"from\":\"log\",\"values\":{\"message\":\"logged action performed\"}}]}'),(582,'2020-02-21 21:43:07','[{\"name\":\"login\",\"parameters\":{\"email\":\"ciccio\",\"password\":\"pass\",\"authenticationCode\":\"1976\"}},{\"name\":\"test\",\"parameters\":{\"email\":\"ciccio\",\"password\":\"pass\"}},{\"name\":\"log\",\"parameters\":{\"email\":\"ciccio\",\"password\":\"pass\"}}]','{\"response\":[{\"from\":\"test\",\"values\":{\"testActionStatus\":\"true\"}},{\"from\":\"log\",\"values\":{\"message\":\"logged action performed\"}}]}'),(583,'2020-02-21 21:43:08','[{\"name\":\"login\",\"parameters\":{\"email\":\"ciccio\",\"password\":\"pass\",\"authenticationCode\":\"1976\"}},{\"name\":\"test\",\"parameters\":{\"email\":\"ciccio\",\"password\":\"pass\"}},{\"name\":\"log\",\"parameters\":{\"email\":\"ciccio\",\"password\":\"pass\"}}]','{\"response\":[{\"from\":\"test\",\"values\":{\"testActionStatus\":\"true\"}},{\"from\":\"log\",\"values\":{\"message\":\"logged action performed\"}}]}'),(584,'2020-02-21 21:43:08','[{\"name\":\"login\",\"parameters\":{\"email\":\"ciccio\",\"password\":\"pass\",\"authenticationCode\":\"1976\"}},{\"name\":\"test\",\"parameters\":{\"email\":\"ciccio\",\"password\":\"pass\"}},{\"name\":\"log\",\"parameters\":{\"email\":\"ciccio\",\"password\":\"pass\"}}]','{\"response\":[{\"from\":\"test\",\"values\":{\"testActionStatus\":\"true\"}},{\"from\":\"log\",\"values\":{\"message\":\"logged action performed\"}}]}'),(585,'2020-02-21 21:43:08','[{\"name\":\"login\",\"parameters\":{\"email\":\"ciccio\",\"password\":\"pass\",\"authenticationCode\":\"1976\"}},{\"name\":\"test\",\"parameters\":{\"email\":\"ciccio\",\"password\":\"pass\"}},{\"name\":\"log\",\"parameters\":{\"email\":\"ciccio\",\"password\":\"pass\"}}]','{\"response\":[{\"from\":\"test\",\"values\":{\"testActionStatus\":\"true\"}},{\"from\":\"log\",\"values\":{\"message\":\"logged action performed\"}}]}'),(586,'2020-02-21 21:43:09','[{\"name\":\"login\",\"parameters\":{\"email\":\"ciccio\",\"password\":\"pass\",\"authenticationCode\":\"1976\"}},{\"name\":\"test\",\"parameters\":{\"email\":\"ciccio\",\"password\":\"pass\"}},{\"name\":\"log\",\"parameters\":{\"email\":\"ciccio\",\"password\":\"pass\"}}]','{\"response\":[{\"from\":\"test\",\"values\":{\"testActionStatus\":\"true\"}},{\"from\":\"log\",\"values\":{\"message\":\"logged action performed\"}}]}'),(587,'2020-02-21 21:43:09','[{\"name\":\"login\",\"parameters\":{\"email\":\"ciccio\",\"password\":\"pass\",\"authenticationCode\":\"1976\"}},{\"name\":\"test\",\"parameters\":{\"email\":\"ciccio\",\"password\":\"pass\"}},{\"name\":\"log\",\"parameters\":{\"email\":\"ciccio\",\"password\":\"pass\"}}]','{\"response\":[{\"from\":\"test\",\"values\":{\"testActionStatus\":\"true\"}},{\"from\":\"log\",\"values\":{\"message\":\"logged action performed\"}}]}'),(588,'2020-02-21 21:43:09','[{\"name\":\"login\",\"parameters\":{\"email\":\"ciccio\",\"password\":\"pass\",\"authenticationCode\":\"1976\"}},{\"name\":\"test\",\"parameters\":{\"email\":\"ciccio\",\"password\":\"pass\"}},{\"name\":\"log\",\"parameters\":{\"email\":\"ciccio\",\"password\":\"pass\"}}]','{\"response\":[{\"from\":\"test\",\"values\":{\"testActionStatus\":\"true\"}},{\"from\":\"log\",\"values\":{\"message\":\"logged action performed\"}}]}'),(589,'2020-02-21 21:43:09','[{\"name\":\"login\",\"parameters\":{\"email\":\"ciccio\",\"password\":\"pass\",\"authenticationCode\":\"1976\"}},{\"name\":\"test\",\"parameters\":{\"email\":\"ciccio\",\"password\":\"pass\"}},{\"name\":\"log\",\"parameters\":{\"email\":\"ciccio\",\"password\":\"pass\"}}]','{\"response\":[{\"from\":\"test\",\"values\":{\"testActionStatus\":\"true\"}},{\"from\":\"log\",\"values\":{\"message\":\"logged action performed\"}}]}'),(590,'2020-02-21 21:43:09','[{\"name\":\"login\",\"parameters\":{\"email\":\"ciccio\",\"password\":\"pass\",\"authenticationCode\":\"1976\"}},{\"name\":\"test\",\"parameters\":{\"email\":\"ciccio\",\"password\":\"pass\"}},{\"name\":\"log\",\"parameters\":{\"email\":\"ciccio\",\"password\":\"pass\"}}]','{\"response\":[{\"from\":\"test\",\"values\":{\"testActionStatus\":\"true\"}},{\"from\":\"log\",\"values\":{\"message\":\"logged action performed\"}}]}'),(591,'2020-02-21 21:43:09','[{\"name\":\"login\",\"parameters\":{\"email\":\"ciccio\",\"password\":\"pass\",\"authenticationCode\":\"1976\"}},{\"name\":\"test\",\"parameters\":{\"email\":\"ciccio\",\"password\":\"pass\"}},{\"name\":\"log\",\"parameters\":{\"email\":\"ciccio\",\"password\":\"pass\"}}]','{\"response\":[{\"from\":\"test\",\"values\":{\"testActionStatus\":\"true\"}},{\"from\":\"log\",\"values\":{\"message\":\"logged action performed\"}}]}'),(592,'2020-02-21 21:43:10','[{\"name\":\"login\",\"parameters\":{\"email\":\"ciccio\",\"password\":\"pass\",\"authenticationCode\":\"1976\"}},{\"name\":\"test\",\"parameters\":{\"email\":\"ciccio\",\"password\":\"pass\"}},{\"name\":\"log\",\"parameters\":{\"email\":\"ciccio\",\"password\":\"pass\"}}]','{\"response\":[{\"from\":\"test\",\"values\":{\"testActionStatus\":\"true\"}},{\"from\":\"log\",\"values\":{\"message\":\"logged action performed\"}}]}'),(593,'2020-02-21 21:43:10','[{\"name\":\"login\",\"parameters\":{\"email\":\"ciccio\",\"password\":\"pass\",\"authenticationCode\":\"1976\"}},{\"name\":\"test\",\"parameters\":{\"email\":\"ciccio\",\"password\":\"pass\"}},{\"name\":\"log\",\"parameters\":{\"email\":\"ciccio\",\"password\":\"pass\"}}]','{\"response\":[{\"from\":\"test\",\"values\":{\"testActionStatus\":\"true\"}},{\"from\":\"log\",\"values\":{\"message\":\"logged action performed\"}}]}'),(594,'2020-02-21 21:43:27','[{\"name\":\"login\",\"parameters\":{\"email\":\"ciccio\",\"password\":\"pass\",\"authenticationCode\":\"1976\"}},{\"name\":\"test\",\"parameters\":{\"email\":\"ciccio\",\"password\":\"pass\"}},{\"name\":\"log\",\"parameters\":{\"email\":\"ciccio\",\"password\":\"pass\"}}]','{\"response\":[{\"from\":\"test\",\"values\":{\"testActionStatus\":\"true\"}},{\"from\":\"log\",\"values\":{\"message\":\"logged action performed\"}}]}'),(595,'2020-02-21 21:43:28','[{\"name\":\"login\",\"parameters\":{\"email\":\"ciccio\",\"password\":\"pass\",\"authenticationCode\":\"1976\"}},{\"name\":\"test\",\"parameters\":{\"email\":\"ciccio\",\"password\":\"pass\"}},{\"name\":\"log\",\"parameters\":{\"email\":\"ciccio\",\"password\":\"pass\"}}]','{\"response\":[{\"from\":\"test\",\"values\":{\"testActionStatus\":\"true\"}},{\"from\":\"log\",\"values\":{\"message\":\"logged action performed\"}}]}'),(596,'2020-02-21 21:43:28','[{\"name\":\"login\",\"parameters\":{\"email\":\"ciccio\",\"password\":\"pass\",\"authenticationCode\":\"1976\"}},{\"name\":\"test\",\"parameters\":{\"email\":\"ciccio\",\"password\":\"pass\"}},{\"name\":\"log\",\"parameters\":{\"email\":\"ciccio\",\"password\":\"pass\"}}]','{\"response\":[{\"from\":\"test\",\"values\":{\"testActionStatus\":\"true\"}},{\"from\":\"log\",\"values\":{\"message\":\"logged action performed\"}}]}'),(597,'2020-02-21 21:43:28','[{\"name\":\"login\",\"parameters\":{\"email\":\"ciccio\",\"password\":\"pass\",\"authenticationCode\":\"1976\"}},{\"name\":\"test\",\"parameters\":{\"email\":\"ciccio\",\"password\":\"pass\"}},{\"name\":\"log\",\"parameters\":{\"email\":\"ciccio\",\"password\":\"pass\"}}]','{\"response\":[{\"from\":\"test\",\"values\":{\"testActionStatus\":\"true\"}},{\"from\":\"log\",\"values\":{\"message\":\"logged action performed\"}}]}'),(598,'2020-02-21 21:43:55','[{\"name\":\"login\",\"parameters\":{\"email\":\"ciccio\",\"password\":\"pass\",\"authenticationCode\":\"1976\"}},{\"name\":\"test\",\"parameters\":{\"email\":\"ciccio\",\"password\":\"pass\"}},{\"name\":\"log\",\"parameters\":{\"email\":\"ciccio\",\"password\":\"pass\"}}]','{\"response\":[{\"from\":\"test\",\"values\":{\"testActionStatus\":\"true\"}},{\"from\":\"log\",\"values\":{\"message\":\"logged action performed\"}}]}'),(599,'2020-02-21 21:44:02','[{\"name\":\"login\",\"parameters\":{\"email\":\"ciccio\",\"password\":\"pass\",\"authenticationCode\":\"1976\"}},{\"name\":\"test\",\"parameters\":{\"email\":\"ciccio\",\"password\":\"pass\"}},{\"name\":\"log\",\"parameters\":{\"email\":\"ciccio\",\"password\":\"pass\"}}]','{\"response\":[{\"from\":\"test\",\"values\":{\"testActionStatus\":\"true\"}},{\"from\":\"log\",\"values\":{\"message\":\"logged action performed\"}}]}'),(600,'2020-02-21 21:44:21','[{\"name\":\"login\",\"parameters\":{\"email\":\"ciccio\",\"password\":\"pass\",\"authenticationCode\":\"1976\"}},{\"name\":\"test\",\"parameters\":{\"email\":\"ciccio\",\"password\":\"pass\"}},{\"name\":\"log\",\"parameters\":{\"email\":\"ciccio\",\"password\":\"pass\"}}]','{\"response\":[{\"from\":\"test\",\"values\":{\"testActionStatus\":\"true\"}},{\"from\":\"log\",\"values\":{\"message\":\"logged action performed\"}}]}'),(601,'2020-02-21 21:44:22','[{\"name\":\"login\",\"parameters\":{\"email\":\"ciccio\",\"password\":\"pass\",\"authenticationCode\":\"1976\"}},{\"name\":\"test\",\"parameters\":{\"email\":\"ciccio\",\"password\":\"pass\"}},{\"name\":\"log\",\"parameters\":{\"email\":\"ciccio\",\"password\":\"pass\"}}]','{\"response\":[{\"from\":\"test\",\"values\":{\"testActionStatus\":\"true\"}},{\"from\":\"log\",\"values\":{\"message\":\"logged action performed\"}}]}'),(602,'2020-02-21 21:44:23','[{\"name\":\"login\",\"parameters\":{\"email\":\"ciccio\",\"password\":\"pass\",\"authenticationCode\":\"1976\"}},{\"name\":\"test\",\"parameters\":{\"email\":\"ciccio\",\"password\":\"pass\"}},{\"name\":\"log\",\"parameters\":{\"email\":\"ciccio\",\"password\":\"pass\"}}]','{\"response\":[{\"from\":\"test\",\"values\":{\"testActionStatus\":\"true\"}},{\"from\":\"log\",\"values\":{\"message\":\"logged action performed\"}}]}'),(603,'2020-02-21 21:44:23','[{\"name\":\"login\",\"parameters\":{\"email\":\"ciccio\",\"password\":\"pass\",\"authenticationCode\":\"1976\"}},{\"name\":\"test\",\"parameters\":{\"email\":\"ciccio\",\"password\":\"pass\"}},{\"name\":\"log\",\"parameters\":{\"email\":\"ciccio\",\"password\":\"pass\"}}]','{\"response\":[{\"from\":\"test\",\"values\":{\"testActionStatus\":\"true\"}},{\"from\":\"log\",\"values\":{\"message\":\"logged action performed\"}}]}'),(604,'2020-02-21 21:44:23','[{\"name\":\"login\",\"parameters\":{\"email\":\"ciccio\",\"password\":\"pass\",\"authenticationCode\":\"1976\"}},{\"name\":\"test\",\"parameters\":{\"email\":\"ciccio\",\"password\":\"pass\"}},{\"name\":\"log\",\"parameters\":{\"email\":\"ciccio\",\"password\":\"pass\"}}]','{\"response\":[{\"from\":\"test\",\"values\":{\"testActionStatus\":\"true\"}},{\"from\":\"log\",\"values\":{\"message\":\"logged action performed\"}}]}'),(605,'2020-02-21 21:44:23','[{\"name\":\"login\",\"parameters\":{\"email\":\"ciccio\",\"password\":\"pass\",\"authenticationCode\":\"1976\"}},{\"name\":\"test\",\"parameters\":{\"email\":\"ciccio\",\"password\":\"pass\"}},{\"name\":\"log\",\"parameters\":{\"email\":\"ciccio\",\"password\":\"pass\"}}]','{\"response\":[{\"from\":\"test\",\"values\":{\"testActionStatus\":\"true\"}},{\"from\":\"log\",\"values\":{\"message\":\"logged action performed\"}}]}'),(606,'2020-02-21 21:44:24','[{\"name\":\"login\",\"parameters\":{\"email\":\"ciccio\",\"password\":\"pass\",\"authenticationCode\":\"1976\"}},{\"name\":\"test\",\"parameters\":{\"email\":\"ciccio\",\"password\":\"pass\"}},{\"name\":\"log\",\"parameters\":{\"email\":\"ciccio\",\"password\":\"pass\"}}]','{\"response\":[{\"from\":\"test\",\"values\":{\"testActionStatus\":\"true\"}},{\"from\":\"log\",\"values\":{\"message\":\"logged action performed\"}}]}'),(607,'2020-02-21 21:44:25','[{\"name\":\"login\",\"parameters\":{\"email\":\"ciccio\",\"password\":\"pass\",\"authenticationCode\":\"1976\"}},{\"name\":\"test\",\"parameters\":{\"email\":\"ciccio\",\"password\":\"pass\"}},{\"name\":\"log\",\"parameters\":{\"email\":\"ciccio\",\"password\":\"pass\"}}]','{\"response\":[{\"from\":\"test\",\"values\":{\"testActionStatus\":\"true\"}},{\"from\":\"log\",\"values\":{\"message\":\"logged action performed\"}}]}'),(608,'2020-02-21 21:44:27','[{\"name\":\"login\",\"parameters\":{\"email\":\"ciccio\",\"password\":\"pass\",\"authenticationCode\":\"1976\"}},{\"name\":\"test\",\"parameters\":{\"email\":\"ciccio\",\"password\":\"pass\"}},{\"name\":\"log\",\"parameters\":{\"email\":\"ciccio\",\"password\":\"pass\"}}]','{\"response\":[{\"from\":\"test\",\"values\":{\"testActionStatus\":\"true\"}},{\"from\":\"log\",\"values\":{\"message\":\"logged action performed\"}}]}'),(609,'2020-02-21 21:44:27','[{\"name\":\"login\",\"parameters\":{\"email\":\"ciccio\",\"password\":\"pass\",\"authenticationCode\":\"1976\"}},{\"name\":\"test\",\"parameters\":{\"email\":\"ciccio\",\"password\":\"pass\"}},{\"name\":\"log\",\"parameters\":{\"email\":\"ciccio\",\"password\":\"pass\"}}]','{\"response\":[{\"from\":\"test\",\"values\":{\"testActionStatus\":\"true\"}},{\"from\":\"log\",\"values\":{\"message\":\"logged action performed\"}}]}'),(610,'2020-02-21 21:44:30','[{\"name\":\"login\",\"parameters\":{\"email\":\"ciccio\",\"password\":\"pass\",\"authenticationCode\":\"1976\"}},{\"name\":\"test\",\"parameters\":{\"email\":\"ciccio\",\"password\":\"pass\"}},{\"name\":\"log\",\"parameters\":{\"email\":\"ciccio\",\"password\":\"pass\"}}]','{\"response\":[{\"from\":\"test\",\"values\":{\"testActionStatus\":\"true\"}},{\"from\":\"log\",\"values\":{\"message\":\"logged action performed\"}}]}'),(611,'2020-02-21 21:44:30','[{\"name\":\"login\",\"parameters\":{\"email\":\"ciccio\",\"password\":\"pass\",\"authenticationCode\":\"1976\"}},{\"name\":\"test\",\"parameters\":{\"email\":\"ciccio\",\"password\":\"pass\"}},{\"name\":\"log\",\"parameters\":{\"email\":\"ciccio\",\"password\":\"pass\"}}]','{\"response\":[{\"from\":\"test\",\"values\":{\"testActionStatus\":\"true\"}},{\"from\":\"log\",\"values\":{\"message\":\"logged action performed\"}}]}'),(612,'2020-02-21 21:44:31','[{\"name\":\"login\",\"parameters\":{\"email\":\"ciccio\",\"password\":\"pass\",\"authenticationCode\":\"1976\"}},{\"name\":\"test\",\"parameters\":{\"email\":\"ciccio\",\"password\":\"pass\"}},{\"name\":\"log\",\"parameters\":{\"email\":\"ciccio\",\"password\":\"pass\"}}]','{\"response\":[{\"from\":\"test\",\"values\":{\"testActionStatus\":\"true\"}},{\"from\":\"log\",\"values\":{\"message\":\"logged action performed\"}}]}'),(613,'2020-02-21 21:44:31','[{\"name\":\"login\",\"parameters\":{\"email\":\"ciccio\",\"password\":\"pass\",\"authenticationCode\":\"1976\"}},{\"name\":\"test\",\"parameters\":{\"email\":\"ciccio\",\"password\":\"pass\"}},{\"name\":\"log\",\"parameters\":{\"email\":\"ciccio\",\"password\":\"pass\"}}]','{\"response\":[{\"from\":\"test\",\"values\":{\"testActionStatus\":\"true\"}},{\"from\":\"log\",\"values\":{\"message\":\"logged action performed\"}}]}'),(614,'2020-02-21 21:44:31','[{\"name\":\"login\",\"parameters\":{\"email\":\"ciccio\",\"password\":\"pass\",\"authenticationCode\":\"1976\"}},{\"name\":\"test\",\"parameters\":{\"email\":\"ciccio\",\"password\":\"pass\"}},{\"name\":\"log\",\"parameters\":{\"email\":\"ciccio\",\"password\":\"pass\"}}]','{\"response\":[{\"from\":\"test\",\"values\":{\"testActionStatus\":\"true\"}},{\"from\":\"log\",\"values\":{\"message\":\"logged action performed\"}}]}'),(615,'2020-02-21 21:44:40','[{\"name\":\"login\",\"parameters\":{\"email\":\"ciccio\",\"password\":\"pass\",\"authenticationCode\":\"1976\"}},{\"name\":\"test\",\"parameters\":{\"email\":\"ciccio\",\"password\":\"pass\"}},{\"name\":\"log\",\"parameters\":{\"email\":\"ciccio\",\"password\":\"pass\"}}]','{\"response\":[{\"from\":\"test\",\"values\":{\"testActionStatus\":\"true\"}},{\"from\":\"log\",\"values\":{\"message\":\"logged action performed\"}}]}'),(616,'2020-02-21 21:44:42','[{\"name\":\"login\",\"parameters\":{\"email\":\"ciccio\",\"password\":\"pass\",\"authenticationCode\":\"1976\"}},{\"name\":\"test\",\"parameters\":{\"email\":\"ciccio\",\"password\":\"pass\"}},{\"name\":\"log\",\"parameters\":{\"email\":\"ciccio\",\"password\":\"pass\"}}]','{\"response\":[{\"from\":\"test\",\"values\":{\"testActionStatus\":\"true\"}},{\"from\":\"log\",\"values\":{\"message\":\"logged action performed\"}}]}'),(617,'2020-02-21 21:44:43','[{\"name\":\"login\",\"parameters\":{\"email\":\"ciccio\",\"password\":\"pass\",\"authenticationCode\":\"1976\"}},{\"name\":\"test\",\"parameters\":{\"email\":\"ciccio\",\"password\":\"pass\"}},{\"name\":\"log\",\"parameters\":{\"email\":\"ciccio\",\"password\":\"pass\"}}]','{\"response\":[{\"from\":\"test\",\"values\":{\"testActionStatus\":\"true\"}},{\"from\":\"log\",\"values\":{\"message\":\"logged action performed\"}}]}'),(618,'2020-02-22 15:16:51','[{\"name\":\"login\",\"parameters\":{\"email\":\"ciccio\",\"password\":\"pass\",\"authenticationCode\":\"1976\"}},{\"name\":\"test\",\"parameters\":{\"email\":\"ciccio\",\"password\":\"pass\"}},{\"name\":\"log\",\"parameters\":{\"email\":\"ciccio\",\"password\":\"pass\"}}]','{\"response\":[{\"from\":\"test\",\"values\":{\"testActionStatus\":\"true\"}},{\"from\":\"log\",\"values\":{\"message\":\"logged action performed\"}}]}'),(619,'2020-02-23 14:56:49','[{\"name\":\"login\",\"parameters\":{\"email\":\"ciccio\",\"password\":\"pass\",\"authenticationCode\":\"1976\"}},{\"name\":\"test\",\"parameters\":{\"email\":\"ciccio\",\"password\":\"pass\"}},{\"name\":\"log\",\"parameters\":{\"email\":\"ciccio\",\"password\":\"pass\"}}]','{\"response\":[{\"from\":\"test\",\"values\":{\"testActionStatus\":\"true\"}},{\"from\":\"log\",\"values\":{\"message\":\"logged action performed\"}}]}'),(620,'2020-02-23 16:29:37','[{\"name\":\"login\",\"parameters\":{\"email\":\"ciccio\",\"password\":\"pass\",\"authenticationCode\":\"1976\"}},{\"name\":\"test\",\"parameters\":{\"email\":\"ciccio\",\"password\":\"pass\"}},{\"name\":\"log\",\"parameters\":{\"email\":\"ciccio\",\"password\":\"pass\"}}]','{\"response\":[{\"from\":\"test\",\"values\":{\"testActionStatus\":\"true\"}},{\"from\":\"log\",\"values\":{\"message\":\"logged action performed\"}}]}'),(621,'2020-02-25 23:17:12','[{\"name\":\"login\",\"parameters\":{\"email\":\"ciccio\",\"password\":\"pass\",\"authenticationCode\":\"1976\"}},{\"name\":\"test\",\"parameters\":{\"email\":\"ciccio\",\"password\":\"pass\"}},{\"name\":\"log\",\"parameters\":{\"email\":\"ciccio\",\"password\":\"pass\"}}]','{\"response\":[{\"from\":\"test\",\"values\":{\"testActionStatus\":\"true\"}},{\"from\":\"log\",\"values\":{\"message\":\"logged action performed\"}}]}'),(622,'2020-02-29 15:52:14','[{\"name\":\"login\",\"parameters\":{\"email\":\"ciccio\",\"password\":\"pass\",\"authenticationCode\":\"1976\"}},{\"name\":\"test\",\"parameters\":{\"email\":\"ciccio\",\"password\":\"pass\"}},{\"name\":\"log\",\"parameters\":{\"email\":\"ciccio\",\"password\":\"pass\"}}]','{\"response\":[{\"from\":\"test\",\"values\":{\"testActionStatus\":\"true\"}},{\"from\":\"log\",\"values\":{\"message\":\"logged action performed\"}}]}'),(623,'2020-02-29 16:08:28','[{\"name\":\"login\",\"parameters\":{\"email\":\"ciccio\",\"password\":\"pass\",\"authenticationCode\":\"1976\"}},{\"name\":\"test\",\"parameters\":{\"email\":\"ciccio\",\"password\":\"pass\"}},{\"name\":\"log\",\"parameters\":{\"email\":\"ciccio\",\"password\":\"pass\"}}]','{\"response\":[{\"from\":\"test\",\"values\":{\"testActionStatus\":\"true\"}},{\"from\":\"log\",\"values\":{\"message\":\"logged action performed\"}}]}'),(624,'2020-02-29 16:28:36','[{\"name\":\"login\",\"parameters\":{\"email\":\"ciccio\",\"password\":\"pass\",\"authenticationCode\":\"1976\"}},{\"name\":\"test\",\"parameters\":{\"email\":\"ciccio\",\"password\":\"pass\"}},{\"name\":\"log\",\"parameters\":{\"email\":\"ciccio\",\"password\":\"pass\"}}]','{\"response\":[{\"from\":\"test\",\"values\":{\"testActionStatus\":\"true\"}},{\"from\":\"log\",\"values\":{\"message\":\"logged action performed\"}}]}'),(625,'2020-03-31 23:59:36','[{\"name\":\"login\",\"parameters\":{\"email\":\"ciccio\",\"password\":\"pass\",\"authenticationCode\":\"1976\"}},{\"name\":\"test\",\"parameters\":{\"email\":\"ciccio\",\"password\":\"pass\"}},{\"name\":\"log\",\"parameters\":{\"email\":\"ciccio\",\"password\":\"pass\"}}]','{\"response\":[{\"from\":\"test\",\"values\":{\"testActionStatus\":\"true\"}},{\"from\":\"log\",\"values\":{\"message\":\"logged action performed\"}}]}'),(626,'2020-05-19 22:17:04','[{\"name\":\"login\",\"parameters\":{\"email\":\"ciccio\",\"password\":\"pass\",\"authenticationCode\":\"1976\"}},{\"name\":\"test\",\"parameters\":{\"email\":\"ciccio\",\"password\":\"pass\"}},{\"name\":\"log\",\"parameters\":{\"email\":\"ciccio\",\"password\":\"pass\"}}]','{\"response\":[{\"from\":\"test\",\"values\":{\"testActionStatus\":\"true\"}},{\"from\":\"log\",\"values\":{\"message\":\"logged action performed\"}}]}'),(627,'2020-05-19 23:32:33','[{\"name\":\"login\",\"parameters\":{\"email\":\"ciccio\",\"password\":\"pass\",\"authenticationCode\":\"1976\"}},{\"name\":\"test\",\"parameters\":{\"email\":\"ciccio\",\"password\":\"pass\"}},{\"name\":\"log\",\"parameters\":{\"email\":\"ciccio\",\"password\":\"pass\"}}]','{\"response\":[{\"from\":\"test\",\"values\":{\"testActionStatus\":\"true\"}},{\"from\":\"log\",\"values\":{\"message\":\"logged action performed\"}}]}'),(628,'2020-05-21 22:02:36','[{\"name\":\"login\",\"parameters\":{\"email\":\"ciccio\",\"password\":\"pass\",\"authenticationCode\":\"1976\"}},{\"name\":\"test\",\"parameters\":{\"email\":\"ciccio\",\"password\":\"pass\"}},{\"name\":\"log\",\"parameters\":{\"email\":\"ciccio\",\"password\":\"pass\"}}]','{\"response\":[{\"from\":\"test\",\"values\":{\"testActionStatus\":\"true\"}},{\"from\":\"log\",\"values\":{\"message\":\"logged action performed\"}}]}');
/*!40000 ALTER TABLE `syb_log` ENABLE KEYS */;
UNLOCK TABLES;

--
-- Table structure for table `syb_test`
--

DROP TABLE IF EXISTS `syb_test`;
/*!40101 SET @saved_cs_client     = @@character_set_client */;
/*!40101 SET character_set_client = utf8 */;
CREATE TABLE `syb_test` (
  `id` int(11) NOT NULL AUTO_INCREMENT,
  `json_state` varchar(255) DEFAULT NULL,
  PRIMARY KEY (`id`)
) ENGINE=InnoDB AUTO_INCREMENT=82 DEFAULT CHARSET=latin1;
/*!40101 SET character_set_client = @saved_cs_client */;

--
-- Dumping data for table `syb_test`
--

LOCK TABLES `syb_test` WRITE;
/*!40000 ALTER TABLE `syb_test` DISABLE KEYS */;
INSERT INTO `syb_test` VALUES (1,'ddd1'),(2,'ddd2'),(3,'ddd3'),(4,'ddd1'),(5,'ddd2'),(6,'ddd3'),(7,'ddd1'),(8,'ddd2'),(9,'ddd3'),(10,'ddd1'),(11,'ddd2'),(12,'ddd3'),(13,'ddd1'),(14,'ddd2'),(15,'ddd3'),(16,'ddd1'),(17,'ddd2'),(18,'ddd3'),(19,'ddd1'),(20,'ddd2'),(21,'ddd3'),(22,'ddd1'),(23,'ddd2'),(24,'ddd3'),(25,'ddd1'),(26,'ddd2'),(27,'ddd3'),(28,'ddd1'),(29,'ddd2'),(30,'ddd3'),(31,'ddd1'),(32,'ddd2'),(33,'ddd3'),(34,'ddd1'),(35,'ddd2'),(36,'ddd3'),(37,'ddd1'),(38,'ddd2'),(39,'ddd3'),(40,'ddd1'),(41,'ddd2'),(42,'ddd3'),(43,'ddd1'),(44,'ddd2'),(45,'ddd3'),(46,'ddd1'),(47,'ddd2'),(48,'ddd3'),(49,'ddd1'),(50,'ddd2'),(51,'ddd3'),(52,'ddd1'),(53,'ddd2'),(54,'ddd3'),(55,'ddd1'),(56,'ddd2'),(57,'ddd3'),(58,'ddd1'),(59,'ddd2'),(60,'ddd3'),(61,'ddd1'),(62,'ddd2'),(63,'ddd3'),(64,'ddd1'),(65,'ddd2'),(66,'ddd3'),(67,'ddd1'),(68,'ddd2'),(69,'ddd3'),(70,'ddd1'),(71,'ddd2'),(72,'ddd3'),(73,'ddd1'),(74,'ddd2'),(75,'ddd3'),(76,'ddd1'),(77,'ddd2'),(78,'ddd3'),(79,'ddd1'),(80,'ddd2'),(81,'ddd3');
/*!40000 ALTER TABLE `syb_test` ENABLE KEYS */;
UNLOCK TABLES;
/*!40103 SET TIME_ZONE=@OLD_TIME_ZONE */;

/*!40101 SET SQL_MODE=@OLD_SQL_MODE */;
/*!40014 SET FOREIGN_KEY_CHECKS=@OLD_FOREIGN_KEY_CHECKS */;
/*!40014 SET UNIQUE_CHECKS=@OLD_UNIQUE_CHECKS */;
/*!40101 SET CHARACTER_SET_CLIENT=@OLD_CHARACTER_SET_CLIENT */;
/*!40101 SET CHARACTER_SET_RESULTS=@OLD_CHARACTER_SET_RESULTS */;
/*!40101 SET COLLATION_CONNECTION=@OLD_COLLATION_CONNECTION */;
/*!40111 SET SQL_NOTES=@OLD_SQL_NOTES */;

-- Dump completed on 2020-05-23 16:52:33
